NestID,Structure Type,Structure ID,Maximum Width,Notes
A_ashmeadi40,Chamber,C1,10,
A_ashmeadi42,Chamber,C1,2.71,
A_ashmeadi42,Chamber,C2,2.8,
A_ashmeadi43,Chamber,C1,5.65,
A_ashmeadi43,Chamber,C2,1.76,
A_ashmeadi44,Chamber,C1,5.92,
A_ashmeadi45,Chamber,C1,10.33,
A_ashmeadi45,Chamber,C2,3.58,
A_ashmeadi46,Chamber,C1,6.83,
A_ashmeadi46,Chamber,C2,3.75,
A_ashmeadi46,Chamber,C3,3.78,
A_ashmeadi47,Chamber,C1,2.36,
A_ashmeadi47,Chamber,C2,3.32,
A_ashmeadi48,Chamber,C1,2.43,
A_ashmeadi48,Chamber,C2,2.98,
A_ashmeadi48,Chamber,C3,3.65,
A_ashmeadi48,Chamber,C4,7.67,
A_ashmeadi48,Chamber,C5,6.79,
A_ashmeadi50,Chamber,C1,2.67,
A_ashmeadi50,Chamber,C2,4.98,
A_ashmeadi50,Chamber,C3,2.61,
A_ashmeadi51,Chamber,C1,4.63,
A_ashmeadi51,Chamber,C2,6.04,
A_ashmeadi51,Chamber,C3,6.37,
A_ashmeadi52,Chamber,C1,2.79,
A_ashmeadi52,Chamber,C2,2.03,
A_balzani_T1,Chamber,C1,12,
A_balzani_T1,Chamber,C2,12,
A_balzani_T1,Chamber,C3,12,
A_balzani_T1,Chamber,C4,7.8,
A_balzani_T1,Chamber,C5,7.8,
A_balzani_T1,Chamber,C6,7.8,
A_balzani_T1,Chamber,C7,7.8,
A_balzani_T1,Chamber,C8,9,
A_balzani_T1,Chamber,C9,9,
A_balzani_T1,Chamber,C10,9,
A_balzani_T1,Chamber,C11,8,
A_balzani_T1,Chamber,C12,11,
A_balzani_T2,Chamber,C1,9,
A_balzani_T2,Chamber,C2,13,
A_balzani_T2,Chamber,C3,7,
A_balzani_T2,Chamber,C4,8,
A_balzani_T2,Chamber,C5,9,
A_balzani_T2,Chamber,C6,9,
A_balzani_T2,Chamber,C7,9,
A_balzani_T2,Chamber,C8,9,
A_balzani_T3,Chamber,C1,9.3,
A_balzani_T3,Chamber,C2,9.3,
A_balzani_T3,Chamber,C3,9.3,
A_balzani_T3,Chamber,C4,9.3,
A_balzani_T3,Chamber,C5,9.3,
A_balzani_T3,Chamber,C6,9.3,
A_balzani_T3,Chamber,C7,7.5,
A_balzani_T3,Chamber,C8,7.5,
A_balzani_T3,Chamber,C9,7.5,
A_balzani_T3,Chamber,C10,10.5,
A_balzani_T3,Chamber,C11,10.5,
A_balzani_T3,Chamber,C12,10.5,
A_balzani_T3,Chamber,C13,10.5,
A_balzani_T3,Chamber,C14,8,
A_balzani_T4,Chamber,C1,10,
A_balzani_T4,Chamber,C2,10,
A_balzani_T5,Chamber,C1,6,
A_balzani_T5,Chamber,C2,9,
A_balzani_T5,Chamber,C3,10,
A_balzani_T5,Chamber,C4,10,
A_balzani_T5,Chamber,C5,10,
A_balzani_T5,Chamber,C6,12,
A_balzani_T6,Chamber,C1,10,
A_balzani_T6,Chamber,C2,10,
A_balzani_T6,Chamber,C3,10,
A_balzani_T6,Chamber,C4,11.7,
A_balzani_T6,Chamber,C5,11.7,
A_balzani_T6,Chamber,C6,11.7,
A_balzani_T7,Chamber,C1,11.5,
A_balzani_T7,Chamber,C2,11.5,
A_balzani_T7,Chamber,C3,11.5,
A_balzani_T7,Chamber,C4,12.5,
A_balzani_T7,Chamber,C5,13,
A_balzani_T8,Chamber,C1,8,
A_balzani_T8,Chamber,C2,9,
A_balzani_T8,Chamber,C3,10,
A_balzani_T8,Chamber,C4,10,
A_balzani_T8,Chamber,C5,10,
A_balzani_T8,Chamber,C6,10,
A_balzani_T8,Chamber,C7,9.3,
A_balzani_T8,Chamber,C8,9.3,
A_balzani_T8,Chamber,C9,9.3,
A_balzani_T8,Chamber,C10,10,
A_balzani_T8,Chamber,C11,10,
A_balzani_T8,Chamber,C12,10,
A_balzani_T8,Chamber,C13,7.5,
A_balzani_T8,Chamber,C14,7.5,
A_balzani_T8,Chamber,C15,7.5,
A_balzani_T8,Chamber,C16,11,
A_balzani_T8,Chamber,C17,11,
A_balzani_T8,Chamber,C18,11,
A_balzani_T8,Chamber,C19,11,
A_balzani_T8,Chamber,C20,6,
A_balzani_T8,Chamber,C21,13,
A_balzani_T8,Chamber,C22,7,
A_balzani_T8,Chamber,C23,7,
A_balzani_T8,Chamber,C24,7,
A_balzani1,Chamber,C1,6.5,
A_balzani1,Chamber,C2,15.5,
A_balzani2,Chamber,C1,8.2,
A_balzani2,Chamber,C2,8.2,
A_balzani2,Chamber,C3,8.2,
A_balzani2,Chamber,C4,6.3,
A_balzani2,Chamber,C5,6.3,
A_balzani2,Chamber,C6,6.3,
A_balzani3,Chamber,C1,11,
A_balzani3,Chamber,C2,11,
A_balzani3,Chamber,C3,11,
A_balzani3,Chamber,C4,11,
A_balzani3,Chamber,C5,11,
A_balzani3,Chamber,C6,6.3,
A_balzani3,Chamber,C7,6.3,
A_balzani3,Chamber,C8,6.3,
A_balzani3,Chamber,C9,9,
A_balzani3,Chamber,C10,9,
A_balzani3,Chamber,C11,9,
A_balzani4,Chamber,C1,6.7,
A_balzani4,Chamber,C2,6.7,
A_balzani4,Chamber,C3,6.7,
A_balzani5,Chamber,C1,5,
A_balzani5,Chamber,C2,10,
A_balzani6,Chamber,C1,7,
A_balzani6,Chamber,C2,7,
A_balzani6,Chamber,C3,7,
A_balzani6,Chamber,C4,7,
A_balzani6,Chamber,C5,9.6,
A_balzani6,Chamber,C6,9.6,
A_balzani6,Chamber,C7,9.6,
A_balzani6,Chamber,C8,9.6,
A_balzani6,Chamber,C9,8,
A_balzani6,Chamber,C10,8,
A_balzani6,Chamber,C11,8,
A_balzani6,Chamber,C12,8,
A_balzani6,Chamber,C13,6.8,
A_balzani6,Chamber,C14,6.8,
A_balzani6,Chamber,C15,6.8,
A_balzani6,Chamber,C16,6.8,
A_balzani6,Chamber,C17,7.3,
A_balzani6,Chamber,C18,7.3,
A_balzani6,Chamber,C19,7.3,
A_balzani6,Chamber,C20,7.3,
A_balzani6,Chamber,C21,7.3,
A_balzani6,Chamber,C22,5.6,
A_balzani6,Chamber,C23,5.6,
A_balzani6,Chamber,C24,5.6,
A_balzani6,Chamber,C25,5.6,
A_balzani6,Chamber,C26,5.6,
A_balzani6,Chamber,C27,5.1,
A_balzani6,Chamber,C28,5.1,
A_balzani6,Chamber,C29,5.1,
A_balzani6,Chamber,C30,7.3,
A_balzani6,Chamber,C31,7.3,
A_balzani6,Chamber,C32,7.3,
A_balzani6,Chamber,C33,7.3,
A_balzani7,Chamber,C1,8,
A_balzani7,Chamber,C2,8,
A_balzani7,Chamber,C3,8,
A_floridana1,Chamber,C1,3.2,
A_floridana1,Chamber,C2,7.3,
A_floridana1,Chamber,C3,5.3,
A_floridana1,Chamber,C4,6.2,
A_floridana10,Entrance,E1,0,
A_floridana10,Chamber,C1,2.802,
A_floridana10,Chamber,C3,3.171,
A_floridana10,Chamber,C2,4.268,
A_floridana11,Entrance,E1,0,
A_floridana11,Chamber,C3,3.962,
A_floridana11,Chamber,C2,4.151,
A_floridana11,Chamber,C1,4.152,
A_floridana11,Chamber,C5,5.377,
A_floridana11,Chamber,C4,5.661,
A_floridana12,Entrance,E1,0,
A_floridana12,Chamber,C1,2.4,
A_floridana12,Chamber,C2,4.402,
A_floridana12,Chamber,C3,5.289,
A_floridana13,Entrance,E1,0,
A_floridana13,Chamber,C1,2.246,
A_floridana13,Chamber,C2,2.755,
A_floridana13,Chamber,C4,3.268,
A_floridana13,Chamber,C3,3.913,
A_floridana13,Chamber,C6,4.061,
A_floridana13,Chamber,C5,5.949,
A_floridana16,Entrance,E1,0,
A_floridana16,Chamber,C2,2.892,
A_floridana16,Chamber,C1,2.934,
A_floridana16,Chamber,C3,4.344,
A_floridana16,Chamber,C4,5.548,
A_floridana17,Chamber,C1,3.9,
A_floridana17,Chamber,C2,4.3,
A_floridana18,Entrance,E1,0,
A_floridana18,Chamber,C2,2.946,
A_floridana18,Chamber,C1,3.032,
A_floridana18,Chamber,C3,3.334,
A_floridana18,Chamber,C4,3.492,
A_floridana18,Chamber,C7,3.969,
A_floridana18,Chamber,C5,5.117,
A_floridana18,Chamber,C6,5.916,
A_floridana18,Chamber,C8,6.667,
A_floridana19,Chamber,C1,2.1,
A_floridana19,Chamber,C2,2.7,
A_floridana19,Chamber,C3,4.3,
A_floridana19,Chamber,C4,5.3,
A_floridana19,Chamber,C5,5.1,
A_floridana19,Chamber,C6,3.6,
A_floridana2,Chamber,C1,2.6,
A_floridana2,Chamber,C2,5.9,
A_floridana2,Chamber,C3,4.3,
A_floridana2,Chamber,C4,5.8,
A_floridana2,Chamber,C5,4.5,
A_floridana2,Chamber,C6,6,
A_floridana2,Chamber,C7,6.4,
A_floridana20,Chamber,C1,2.4,
A_floridana20,Chamber,C2,6.5,
A_floridana20,Chamber,C3,6,
A_floridana20,Chamber,C4,6.8,
A_floridana20,Chamber,C5,5.3,
A_floridana21,Chamber,C1,3.8,
A_floridana21,Chamber,C2,3,
A_floridana21,Chamber,C3,2.9,
A_floridana21,Chamber,C4,6.7,
A_floridana21,Chamber,C5,5,
A_floridana21,Chamber,C6,7.1,
A_floridana21,Chamber,C7,5.5,
A_floridana21,Chamber,C8,2,
A_floridana24,Chamber,C1,2.3,
A_floridana24,Chamber,C2,8.9,
A_floridana24,Chamber,C3,6.6,
A_floridana24,Chamber,C4,6.7,
A_floridana24,Chamber,C5,8.4,
A_floridana24,Chamber,C6,2.7,
A_floridana24,Chamber,C7,2.9,
A_floridana25,Chamber,C1,2.2,
A_floridana25,Chamber,C2,3.8,
A_floridana25,Chamber,C3,3.4,
A_floridana25,Chamber,C4,3.6,
A_floridana25,Chamber,C5,2.5,
A_floridana26,Chamber,C1,1.4,
A_floridana26,Chamber,C2,3.5,
A_floridana26,Chamber,C3,3.9,
A_floridana26,Chamber,C4,4.3,
A_floridana26,Chamber,C5,7,
A_floridana26,Chamber,C6,5.6,
A_floridana26,Chamber,C7,3.3,
A_floridana27,Chamber,C1,6.3,
A_floridana27,Chamber,C2,6.6,
A_floridana27,Chamber,C3,5.2,
A_floridana3,Chamber,C1,1.8,
A_floridana3,Chamber,C2,3.6,
A_floridana3,Chamber,C3,2.4,
A_floridana3,Chamber,C4,2,
A_floridana4,Chamber,C1,1.5,
A_floridana4,Chamber,C2,2.1,
A_floridana4,Chamber,C3,4.3,
A_floridana4,Chamber,C4,4.7,
A_floridana4,Chamber,C5,6.4,
A_floridana4,Chamber,C6,2.4,
A_floridana4,Chamber,C7,4.4,
A_floridana5,Chamber,C1,3.1,
A_floridana5,Chamber,C2,2.9,
A_floridana5,Chamber,C3,4.6,
A_floridana5,Chamber,C4,4.4,
A_floridana5,Chamber,C5,6.9,
A_floridana7,Chamber,C1,2.8,
A_floridana7,Chamber,C2,2.1,
A_floridana7,Chamber,C3,3.1,
A_floridana7,Chamber,C4,3.1,
A_floridana7,Chamber,C5,3,
A_floridana7,Chamber,C6,2.7,
A_floridana7,Chamber,C7,3.6,
A_floridana8,Chamber,C1,2.3,
A_floridana8,Chamber,C2,3.6,
A_floridana8,Chamber,C3,7,
A_floridana8,Chamber,C4,6,
A_floridana9,Chamber,C1,4.3,
A_floridana9,Chamber,C2,4.7,
A_floridana9,Chamber,C3,3.4,
A_floridana9,Chamber,C4,5.8,
A_floridana9,Chamber,C5,4.9,
A_floridana9,Chamber,C6,6.7,
A_floridana9,Chamber,C7,3.9,
A_landolti_1T,Chamber,C1,12,
A_landolti_1T,Chamber,C2,12,
A_landolti_1T,Chamber,C3,12,
A_landolti_1T,Chamber,C4,12,
A_landolti_1T,Chamber,C5,12,
A_landolti_1T,Chamber,C6,12,
A_landolti_1T,Chamber,C7,12,
A_landolti_1T,Chamber,C8,12,
A_landolti_2T,Chamber,C1,19.1,
A_landolti_2T,Chamber,C2,19.1,
A_landolti_2T,Chamber,C3,19.1,
A_landolti_2T,Chamber,C4,19.1,
A_landolti_2T,Chamber,C5,19.1,
A_landolti_2T,Chamber,C6,19.1,
A_landolti_2T,Chamber,C7,19.1,
A_landolti_2T,Chamber,C8,19.1,
A_landolti_2T,Chamber,C9,19.1,
A_landolti_2T,Chamber,C10,19.1,
A_landolti_2T,Chamber,C11,19.1,
A_landolti_2T,Chamber,C12,19.1,
A_landolti_2T,Chamber,C13,19.1,
A_landolti_2T,Chamber,C14,19.1,
A_landolti_2T,Chamber,C15,19.1,
A_landolti_2T,Chamber,C16,19.1,
A_landolti_2T,Chamber,C17,19.1,
A_landolti_3T,Chamber,C1,15.6,
A_landolti_3T,Chamber,C2,15.6,
A_landolti_3T,Chamber,C3,15.6,
A_landolti_3T,Chamber,C4,15.6,
A_landolti_3T,Chamber,C5,15.6,
A_landolti_3T,Chamber,C6,15.6,
A_landolti_3T,Chamber,C7,15.6,
A_landolti_4T,Chamber,C1,8.1,
A_landolti_4T,Chamber,C2,8.1,
A_landolti_4T,Chamber,C3,8.1,
A_landolti_4T,Chamber,C4,8.1,
A_landolti_4T,Chamber,C5,8.1,
A_landolti_4T,Chamber,C6,8.1,
A_landolti_4T,Chamber,C7,8.1,
A_landolti_5T,Chamber,C1,8.2,
A_landolti_5T,Chamber,C2,8.2,
A_landolti_5T,Chamber,C3,8.2,
A_landolti_5T,Chamber,C4,8.2,
A_landolti_5T,Chamber,C5,8.2,
A_landolti_6T,Chamber,C1,10.5,
A_landolti_6T,Chamber,C2,10.5,
A_landolti_6T,Chamber,C3,10.5,
A_landolti_6T,Chamber,C4,10.5,
A_landolti_6T,Chamber,C5,10.5,
A_landolti_6T,Chamber,C6,10.5,
A_landolti_7T,Chamber,C1,17,
A_landolti_7T,Chamber,C2,17,
A_landolti_7T,Chamber,C3,17,
A_landolti_7T,Chamber,C4,17,
A_subterraneus_T1,Chamber,C1,82,
A_subterraneus_T1r,Chamber,C1,17,
A_subterraneus_T2,Chamber,C1,83,
A_subterraneus_T2r,Chamber,C1,17,
A_subterraneus_T3,Chamber,C1,110,
A_subterraneus_T3r,Chamber,C1,14,
A_subterranus_C1,Chamber,C1,23.3,
A_subterranus_C1,Chamber,C2,23.3,
A_subterranus_C1,Chamber,C3,23.3,
A_subterranus_C1,Chamber,C4,23.3,
A_subterranus_C1r,Chamber,C1,23.5,
A_subterranus_C2,Chamber,C1,37.3,
A_subterranus_C2,Chamber,C2,37.3,
A_subterranus_C2,Chamber,C3,37.3,
A_subterranus_C2r,Chamber,C1,130,
A_subterranus_C3,Chamber,C1,34,
A_subterranus_C3,Chamber,C2,34,
A_treatae28,Chamber,C1,5.5,
A_treatae28,Chamber,C2,5.2,
A_treatae29,Chamber,C1,7.5,
A_treatae29,Chamber,C2,3.2,
A_treatae29,Chamber,C3,5.8,
A_treatae29,Chamber,C4,3,
A_treatae29,Chamber,C5,4.3,
A_treatae30,Chamber,C1,3.1,
A_treatae30,Chamber,C2,3.7,
A_treatae30,Chamber,C3,2.7,
A_treatae30,Chamber,C4,4.4,
A_treatae30,Chamber,C5,5,
A_treatae30,Chamber,C6,3.9,
A_treatae30,Chamber,C7,2.4,
A_treatae31,Chamber,C1,4.3,
A_treatae31,Chamber,C2,2.2,
A_treatae31,Chamber,C3,2.7,
A_treatae34,Chamber,C1,3.9,
A_treatae34,Chamber,C2,2.2,
A_treatae35,Chamber,C1,4.8,
A_treatae35,Chamber,C2,4.8,
A_treatae36,Chamber,C1,5.3,
A_treatae36,Chamber,C2,2,
A_treatae37,Chamber,C1,3.8,
A_treatae37,Chamber,C2,3.2,
A_treatae37,Chamber,C3,4.1,
A_treatae38a,Chamber,C1,2.1,
A_treatae38a,Chamber,C2,2.4,
A_treatae38a,Chamber,C3,3.3,
A_treatae38a,Chamber,C4,4,
A_treatae38a,Chamber,C5,5.7,
A_treatae38a,Chamber,C6,6.7,
A_treatae38b,Chamber,C1,4.1,
A_treatae38b,Chamber,C2,2.3,
A_treatae38b,Chamber,C3,3.6,
A_treatae38b,Chamber,C4,3.5,
A_treatae39,Chamber,C1,5.7,
A_treatae39,Chamber,C2,4.8,
A_treatae39,Chamber,C3,3.4,
A_treatae39,Chamber,C4,3.4,
A_treatae39,Chamber,C5,6.3,
A_treatae39,Chamber,C6,3.5,
A_treatae39,Chamber,C7,2.4,
A_treatae39,Chamber,C8,6.3,
A_treatae39,Chamber,C9,5.9,
Ap_treatae1,Entrance,E1,0,
Ap_treatae1,Chamber,C2,2.734,
Ap_treatae1,Chamber,C4,3.099,
Ap_treatae1,Chamber,C1,3.835,
Ap_treatae1,Chamber,C3,4.691,
Ap_treatae1,Chamber,C5,5.474,
Aphaenogaster_1,Entrance,E1,0,
Aphaenogaster_1,Chamber,C1,2.838,
Aphaenogaster_1,Chamber,C6,6.329,
Aphaenogaster_1,Chamber,C3,6.559,
Aphaenogaster_1,Chamber,C5,6.57,
Aphaenogaster_1,Chamber,C4,6.639,
Aphaenogaster_1,Chamber,C2,7.062,
Aphaenogaster_1,Chamber,C7,7.821,
C_socius1,Chamber,C1,5.1,
C_socius1,Chamber,C2,4.4,
C_socius1,Chamber,C3,5.7,
C_socius1,Chamber,C4,9.5,
C_socius10,Chamber,C1,2.5,
C_socius10,Chamber,C2,4.9,
C_socius10,Chamber,C3,5.5,
C_socius10,Chamber,C4,8.9,
C_socius10,Chamber,C5,2.7,
C_socius10,Chamber,C6,8.6,
C_socius10,Chamber,C7,7.1,
C_socius11,Chamber,C1,4.2,
C_socius11,Chamber,C2,2.8,
C_socius11,Chamber,C3,6.6,
C_socius12,Chamber,C1,8.2,
C_socius12,Chamber,C2,14.6,
C_socius12,Chamber,C3,12.5,
C_socius12,Chamber,C4,7.6,
C_socius14,Chamber,C1,5.3,
C_socius14,Chamber,C2,15,
C_socius14,Chamber,C3,7.4,
C_socius14,Chamber,C4,9.1,
C_socius14,Chamber,C5,13.9,
C_socius14,Chamber,C6,3.5,
C_socius14,Chamber,C7,7.4,
C_socius14,Chamber,C8,6.9,
C_socius16,Chamber,C1,6.3,
C_socius16,Chamber,C2,4.1,
C_socius16,Chamber,C3,12.3,
C_socius16,Chamber,C4,8.4,
C_socius16,Chamber,C5,14.1,
C_socius16,Chamber,C6,9.6,
C_socius20,Chamber,C1,5.8,
C_socius20,Chamber,C2,8.6,
C_socius20,Chamber,C3,10.5,
C_socius20,Chamber,C4,14.2,
C_socius20,Chamber,C5,12.5,
C_socius20,Chamber,C6,8.4,
C_socius20,Chamber,C7,3.5,
C_socius20,Chamber,C8,15.6,
C_socius20,Chamber,C9,11.2,
C_socius20,Chamber,C10,9.1,
C_socius21,Chamber,C1,8.7,
C_socius21,Chamber,C2,6,
C_socius21,Chamber,C3,8.1,
C_socius21,Chamber,C4,6.8,
C_socius21,Chamber,C5,11.8,
C_socius21,Chamber,C6,13,
C_socius21,Chamber,C7,8.1,
C_socius21,Chamber,C8,5,
C_socius23,Chamber,C1,8.8,
C_socius23,Chamber,C2,5.5,
C_socius23,Chamber,C3,6.1,
C_socius23,Chamber,C4,13.4,
C_socius23,Chamber,C5,5.1,
C_socius23,Chamber,C6,11.1,
C_socius23,Chamber,C7,7.2,
C_socius24,Chamber,C1,6.5,
C_socius24,Chamber,C2,9.9,
C_socius24,Chamber,C3,6.8,
C_socius24,Chamber,C4,4.8,
C_socius24,Chamber,C5,7.5,
C_socius6,Chamber,C1,7.4,
C_socius6,Chamber,C2,9,
C_socius6,Chamber,C3,10.1,
C_socius6,Chamber,C4,9,
C_socius8,Chamber,C1,8.4,
C_socius8,Chamber,C2,8.1,
C_socius8,Chamber,C3,7.3,
C_socius8,Chamber,C4,8.9,
C_socius9,Chamber,C1,7.1,
C_socius9,Chamber,C2,14,
C_socius9,Chamber,C3,7.2,
C_socius9,Chamber,C4,13.6,
Cono_1,Chamber,C10,2.22,
Cono_1,Chamber,C6,2.49,
Cono_1,Chamber,C13,2.49,
Cono_1,Chamber,C12,2.52,
Cono_1,Chamber,C14,2.56,
Cono_1,Chamber,C11,2.78,
Cono_1,Chamber,C8,3.33,
Cono_1,Chamber,C9,3.38,
Cono_1,Chamber,C5,3.62,
Cono_1,Chamber,C15,3.65,
Cono_1,Chamber,C7,3.98,
Cono_1,Chamber,C4,4.25,
Cono_1,Chamber,C2,4.52,
Cono_1,Chamber,C3,4.66,
Cono_1,Chamber,C16,4.75,
Cono_1,Chamber,C1,6.67,
D_australis,Chamber,C1,NA,
D_australis,Chamber,C2,NA,
D_australis,Chamber,C3,NA,
D_australis,Chamber,C4,NA,
D_australis,Chamber,C5,NA,
D_australis,Chamber,C6,NA,
D_australis,Chamber,C7,NA,
D_australis,Chamber,C8,NA,
D_australis,Chamber,C9,NA,
D_australis,Chamber,C10,NA,
D_australis,Chamber,C11,NA,
D_australis,Chamber,C12,NA,
D_australis,Chamber,C13,NA,
D_australis,Chamber,C14,NA,
D_australis,Chamber,C15,NA,
D_australis,Chamber,C16,NA,
D_indicum1,Chamber,C1,10.514,
D_indicum10,Chamber,C1,7.42,
D_indicum11,Chamber,C1,15.36,
D_indicum12,Chamber,C1,21.05,
D_indicum13,Chamber,C1,19.921,
D_indicum2,Chamber,C1,14.87,
D_indicum3,Chamber,C1,9.826,
D_indicum4,Chamber,C1,18.233,
D_indicum5,Chamber,C1,12.358,
D_indicum6,Chamber,C1,9.999,
D_indicum7,Chamber,C1,15.172,
D_indicum8,Chamber,C1,5.877,
D_indicum9,Chamber,C1,10.069,
D_quadriceps1,Chamber,C1,NA,
D_quadriceps1,Chamber,C2,NA,
D_quadriceps1,Chamber,C3,NA,
D_quadriceps1,Chamber,C4,NA,
D_quadriceps1,Chamber,C5,NA,
D_quadriceps1,Chamber,C6,NA,
D_quadriceps1,Chamber,C7,NA,
D_quadriceps1,Chamber,C8,NA,
D_quadriceps11,Chamber,C1,NA,
D_quadriceps11,Chamber,C2,NA,
D_quadriceps11,Chamber,C3,NA,
D_quadriceps11,Chamber,C4,NA,
D_quadriceps11,Chamber,C5,NA,
D_quadriceps12,Chamber,C1,NA,
D_quadriceps12,Chamber,C2,NA,
D_quadriceps12,Chamber,C3,NA,
D_quadriceps12,Chamber,C4,NA,
D_quadriceps12,Chamber,C5,NA,
D_quadriceps12,Chamber,C6,NA,
D_quadriceps12,Chamber,C7,NA,
D_quadriceps12,Chamber,C8,NA,
D_quadriceps12,Chamber,C9,NA,
D_quadriceps13,Chamber,C1,NA,
D_quadriceps13,Chamber,C2,NA,
D_quadriceps13,Chamber,C3,NA,
D_quadriceps13,Chamber,C4,NA,
D_quadriceps13,Chamber,C5,NA,
D_quadriceps13,Chamber,C6,NA,
D_quadriceps13,Chamber,C7,NA,
D_quadriceps13,Chamber,C8,NA,
D_quadriceps13,Chamber,C9,NA,
D_quadriceps13,Chamber,C10,NA,
D_quadriceps13,Chamber,C11,NA,
D_quadriceps13,Chamber,C12,NA,
D_quadriceps13,Chamber,C13,NA,
D_quadriceps13,Chamber,C14,NA,
D_quadriceps13,Chamber,C15,NA,
D_quadriceps13,Chamber,C16,NA,
D_quadriceps17,Chamber,C1,NA,
D_quadriceps17,Chamber,C2,NA,
D_quadriceps17,Chamber,C3,NA,
D_quadriceps17,Chamber,C4,NA,
D_quadriceps17,Chamber,C5,NA,
D_quadriceps17,Chamber,C6,NA,
D_quadriceps2,Chamber,C1,NA,
D_quadriceps2,Chamber,C2,NA,
D_quadriceps2,Chamber,C3,NA,
D_quadriceps2,Chamber,C4,NA,
D_quadriceps20,Chamber,C1,NA,
D_quadriceps20,Chamber,C2,NA,
D_quadriceps20,Chamber,C3,NA,
D_quadriceps20,Chamber,C4,NA,
D_quadriceps20,Chamber,C5,NA,
D_quadriceps20,Chamber,C6,NA,
D_quadriceps20,Chamber,C7,NA,
D_quadriceps22,Chamber,C1,6.9,
D_quadriceps22,Chamber,C10,7.7,
D_quadriceps22,Chamber,C12,10.8,
D_quadriceps22,Chamber,C2,10.9,
D_quadriceps22,Chamber,C13,11,
D_quadriceps22,Chamber,C11,11.2,
D_quadriceps22,Chamber,C6,11.8,
D_quadriceps22,Chamber,C9,12.3,
D_quadriceps22,Chamber,C5,13.3,
D_quadriceps22,Chamber,C4,15.7,
D_quadriceps22,Chamber,C3,16.2,
D_quadriceps22,Chamber,C8,16.7,
D_quadriceps22,Chamber,C7,18.5,
D_quadriceps29,Chamber,C1,NA,
D_quadriceps29,Chamber,C2,NA,
D_quadriceps29,Chamber,C3,NA,
D_quadriceps29,Chamber,C4,NA,
D_quadriceps29,Chamber,C5,NA,
D_quadriceps29,Chamber,C6,NA,
D_quadriceps29,Chamber,C7,NA,
D_quadriceps29,Chamber,C8,NA,
D_quadriceps29,Chamber,C9,NA,
D_quadriceps29,Chamber,C10,NA,
D_quadriceps29,Chamber,C11,NA,
D_quadriceps29,Chamber,C12,NA,
D_quadriceps29,Chamber,C13,NA,
D_quadriceps29,Chamber,C14,NA,
D_quadriceps3,Chamber,C1,NA,
D_quadriceps3,Chamber,C2,NA,
D_quadriceps3,Chamber,C3,NA,
D_quadriceps3,Chamber,C4,NA,
D_quadriceps3,Chamber,C5,NA,
D_quadriceps7,Chamber,C1,NA,
D_quadriceps7,Chamber,C2,NA,
D_quadriceps7,Chamber,C3,NA,
D_quadriceps7,Chamber,C4,NA,
D_quadriceps7,Chamber,C5,NA,
D_quadriceps7,Chamber,C6,NA,
D_quadriceps8,Chamber,C1,NA,
D_quadriceps8,Chamber,C2,NA,
D_quadriceps8,Chamber,C3,NA,
D_quadriceps8,Chamber,C4,NA,
D_quadriceps8,Chamber,C5,NA,
D_quadriceps8,Chamber,C6,NA,
D_quadriceps9,Chamber,C1,NA,
D_quadriceps9,Chamber,C2,NA,
D_quadriceps9,Chamber,C3,NA,
D_quadriceps9,Chamber,C4,NA,
D_quadriceps9,Chamber,C5,NA,
D_quadriceps9,Chamber,C6,NA,
D_quadriceps9,Chamber,C7,NA,
D_quadriceps9,Chamber,C8,NA,
D_quadriceps9,Chamber,C9,NA,
D_quadriceps9,Chamber,C10,NA,
D_quadriceps9,Chamber,C11,NA,
E_brunneum1,Entrance,E1,0,
E_brunneum1,Chamber,C2,3,
E_brunneum1,Chamber,C3,3,
E_brunneum1,Chamber,C4,3,
E_brunneum1,Chamber,C1,6,
E_brunneum1,Chamber,C5,9,
E_brunneum2,Entrance,E1,0,
E_brunneum2,Chamber,C4,1,
E_brunneum2,Chamber,C2,2,
E_brunneum2,Chamber,C5,2.5,
E_brunneum2,Chamber,C3,4,
E_brunneum2,Chamber,C1,7,
E_brunneum3,Chamber,C2,4,
E_brunneum3,Chamber,C1,5,
E_brunneum3,Chamber,C3,5.5,
E_brunneum4,Entrance,E1,0,
E_brunneum4,Chamber,C1,2.5,
E_brunneum4,Chamber,C2,3,
E_brunneum4,Chamber,C3,7,
E_brunneum5,Entrance,E1,0,
E_brunneum5,Chamber,C2,4,
E_brunneum5,Chamber,C4,4.5,
E_brunneum5,Chamber,C3,6,
E_brunneum5,Chamber,C1,12,
F_archboldi1,Chamber,C1,NA,
F_archboldi1,Chamber,C2,NA,
F_archboldi1,Chamber,C3,NA,
F_archboldi1,Chamber,C4,NA,
F_archboldi1,Chamber,C5,NA,
F_archboldi1,Chamber,C6,NA,
F_archboldi1,Chamber,C7,NA,
F_archboldi1,Chamber,C8,NA,
F_archboldi2,Chamber,C1,NA,
F_archboldi2,Chamber,C2,NA,
F_archboldi2,Chamber,C3,NA,
F_archboldi2,Chamber,C4,NA,
F_archboldi2,Chamber,C5,NA,
F_archboldi2,Chamber,C6,NA,
F_archboldi2,Chamber,C7,NA,
F_archboldi2,Chamber,C8,NA,
F_archboldi2,Chamber,C9,NA,
F_archboldi2,Chamber,C10,NA,
F_archboldi2,Chamber,C11,NA,
F_archboldi3,Chamber,C1,3.834,
F_archboldi3,Chamber,C2,4.153,
F_archboldi3,Chamber,C3,8.116,
F_archboldi3,Chamber,C4,3.021,
F_archboldi3,Chamber,C5,8.639,
F_archboldi3,Chamber,C6,4.984,
F_archboldi3,Chamber,C7,2.397,
F_archboldi3,Chamber,C8,3.674,
F_archboldi3,Chamber,C9,3.483,
F_archboldi3,Chamber,C10,3.835,
F_archboldi3,Chamber,C11,2.973,
F_archboldi3,Chamber,C12,3.587,
F_archboldi3,Chamber,C13,5.053,
F_archboldi3,Chamber,C14,4.895,
F_archboldi3,Chamber,C15,3.738,
F_archboldi3,Chamber,C16,3.931,
F_archboldi3,Chamber,C17,3.132,
F_archboldi3,Chamber,C18,2.591,
F_archboldi3,Chamber,C19,2.494,
F_archboldi3,Chamber,C20,1.757,
F_dolosa1,Chamber,C1,4.257,
F_dolosa1,Chamber,C2,3.546,
F_dolosa1,Chamber,C3,7.138,
F_dolosa1,Chamber,C4,4.275,
F_dolosa1,Chamber,C5,3.356,
F_dolosa1,Chamber,C6,3.209,
F_dolosa1,Chamber,C7,3.537,
F_dolosa1,Chamber,C8,3.8,
F_dolosa1,Chamber,C9,4.573,
F_dolosa1,Chamber,C10,4.622,
F_dolosa1,Chamber,C11,3.799,
F_dolosa1,Chamber,C12,3.5,
F_dolosa1,Chamber,C13,3.342,
F_dolosa1,Chamber,C14,4.003,
F_dolosa1,Chamber,C15,2.489,
F_dolosa1,Chamber,C16,4.65,
F_japonica_T1,Chamber,C1,NA,
F_japonica_T1,Chamber,C2,NA,
F_japonica_T1,Chamber,C3,NA,
F_japonica_T1,Chamber,C4,NA,
F_japonica_T1,Chamber,C5,NA,
F_japonica_T1,Chamber,C6,NA,
F_japonica_T1,Chamber,C7,NA,
F_japonica_T1,Chamber,C8,NA,
F_japonica_T1,Chamber,C9,NA,
F_japonica_T1,Chamber,C10,NA,
F_japonica_T1,Chamber,C11,NA,
F_japonica_T1,Chamber,C12,NA,
F_japonica_T1,Chamber,C13,NA,
F_japonica_T13,Chamber,C1,NA,
F_japonica_T13,Chamber,C2,NA,
F_japonica_T13,Chamber,C3,NA,
F_japonica_T13,Chamber,C4,NA,
F_japonica_T13,Chamber,C5,NA,
F_japonica_T13,Chamber,C6,NA,
F_japonica_T13,Chamber,C7,NA,
F_japonica_T13,Chamber,C8,NA,
F_japonica_T13,Chamber,C9,NA,
F_japonica_T13,Chamber,C10,NA,
F_japonica_T13,Chamber,C11,NA,
F_japonica_T13,Chamber,C12,NA,
F_japonica_T13,Chamber,C13,NA,
F_japonica_T13,Chamber,C14,NA,
F_japonica_T13,Chamber,C15,NA,
F_japonica_T13,Chamber,C16,NA,
F_japonica_T13,Chamber,C17,NA,
F_japonica_T13,Chamber,C18,NA,
F_japonica_T13,Chamber,C19,NA,
F_japonica_T13,Chamber,C20,NA,
F_japonica_T13,Chamber,C21,NA,
F_japonica_T13,Chamber,C22,NA,
F_japonica_T13,Chamber,C23,NA,
F_japonica_T13,Chamber,C24,NA,
F_japonica_T13,Chamber,C25,NA,
F_japonica_T13,Chamber,C26,NA,
F_japonica_T13,Chamber,C27,NA,
F_japonica_T13,Chamber,C28,NA,
F_japonica_T13,Chamber,C29,NA,
F_japonica_T13,Chamber,C30,NA,
F_japonica_T13,Chamber,C31,NA,
F_japonica_T13,Chamber,C32,NA,
F_japonica_T13,Chamber,C33,NA,
F_japonica_T3,Chamber,C1,NA,
F_japonica_T3,Chamber,C2,NA,
F_japonica_T3,Chamber,C3,NA,
F_japonica_T3,Chamber,C4,NA,
F_japonica_T3,Chamber,C5,NA,
F_japonica_T3,Chamber,C6,NA,
F_japonica_T3,Chamber,C7,NA,
F_japonica_T3,Chamber,C8,NA,
F_japonica_T3,Chamber,C9,NA,
F_japonica_T3,Chamber,C10,NA,
F_japonica_T3,Chamber,C11,NA,
F_japonica_T3,Chamber,C12,NA,
F_japonica_T3,Chamber,C13,NA,
F_japonica_T3,Chamber,C14,NA,
F_japonica_T3,Chamber,C15,NA,
F_japonica_T3,Chamber,C16,NA,
F_japonica_T3,Chamber,C17,NA,
F_japonica_T3,Chamber,C18,NA,
F_japonica_T3,Chamber,C19,NA,
F_japonica_T3,Chamber,C20,NA,
F_japonica_T3,Chamber,C21,NA,
F_japonica_T3,Chamber,C22,NA,
F_japonica_T3,Chamber,C23,NA,
F_japonica_T3,Chamber,C24,NA,
F_japonica_T3,Chamber,C25,NA,
F_japonica_T3,Chamber,C26,NA,
F_japonica_T3,Chamber,C27,NA,
F_japonica_T3,Chamber,C28,NA,
F_japonica_T3,Chamber,C29,NA,
F_japonica_T3,Chamber,C30,NA,
F_japonica_T3,Chamber,C31,NA,
F_japonica_T3,Chamber,C32,NA,
F_japonica_T4,Chamber,C4,NA,
F_japonica_T4,Chamber,C14,NA,
F_japonica_T4,Chamber,C18,NA,
F_japonica_T4,Chamber,C6,NA,
F_japonica_T4,Chamber,C5,NA,
F_japonica_T4,Chamber,C13,NA,
F_japonica_T4,Chamber,C2,NA,
F_japonica_T4,Chamber,C16,NA,
F_japonica_T4,Chamber,C17,NA,
F_japonica_T4,Chamber,C1,NA,
F_japonica_T4,Chamber,C19,NA,
F_japonica_T4,Chamber,C11,NA,
F_japonica_T4,Chamber,C3,NA,
F_japonica_T4,Chamber,C10,NA,
F_japonica_T4,Chamber,C15,NA,
F_japonica_T4,Chamber,C7,NA,
F_japonica_T4,Chamber,C9,NA,
F_japonica_T4,Chamber,C8,NA,
F_japonica_T4,Chamber,C12,NA,
F_pallidefulva1,Chamber,C1,7.501,
F_pallidefulva1,Chamber,C2,3.59,
F_pallidefulva1,Chamber,C3,3.077,
F_pallidefulva1,Chamber,C4,4.307,
F_pallidefulva1,Chamber,C5,4.382,
F_pallidefulva1,Chamber,C6,2.578,
F_pallidefulva1,Chamber,C7,3.738,
F_pallidefulva1,Chamber,C8,6.162,
F_pallidefulva1,Chamber,C9,3.915,
F_pallidefulva1,Chamber,C10,6.431,
F_pallidefulva1,Chamber,C11,6.351,
F_pallidefulva1,Chamber,C12,6.303,
F_pallidefulva1,Chamber,C13,1.799,
F_pallidefulva1,Chamber,C14,4.303,
F_pallidefulva1,Chamber,C15,2.83,
F_pallidefulva1,Chamber,C16,5.251,
F_subaenescens1,,C1,4.06146,
F_subaenescens1,,C2,3.23596,
F_subaenescens1,,C3,2.21996,
F_subaenescens1,,C4,1.62814,
F_subaenescens1,,C5,3.0988,
F_subaenescens1,,C6,6.37032,
F_subaenescens1,,C7,2.82956,
F_subaenescens1,,C8,2.6289,
F_subaenescens1,,C9,2.02184,
F_subaenescens1,,C10,3.28168,
F_subaenescens1,,C11,2.77622,
F_subaenescens1,,C12,2.57556,
F_subaenescens1,,C13,5.04698,
F_subaenescens1,,C14,4.69392,
F_subaenescens1,,C15,5.89026,
F_subaenescens1,,C16,2.0701,
F_subaenescens1,,C17,2.62382,
F_subaenescens1,,C18,3.13944,
F_subaenescens1,,C19,3.048,
F_subaenescens1,,C20,2.37236,
F_subaenescens1,,C21,3.31216,
Forelius_sp1,Chamber,C7,1,
Forelius_sp1,Chamber,C10,1.1,
Forelius_sp1,Chamber,C13,1.15,
Forelius_sp1,Chamber,C12,1.15,
Forelius_sp1,Chamber,C11,1.2,
Forelius_sp1,Chamber,C1,1.4,
Forelius_sp1,Chamber,C3,1.4,
Forelius_sp1,Chamber,C4,1.4,
Forelius_sp1,Chamber,C5,1.5,
Forelius_sp1,Chamber,C9,1.65,
Forelius_sp1,Chamber,C6,2.2,
Forelius_sp1,Chamber,C8,2.3,
Forelius_sp1,Chamber,C2,2.4,
Forelius_sp1,Chamber,C14,3.5,
M_acutus1,Entrance,E1,0,
M_acutus1,Chamber,C1,4,
M_acutus2,Entrance,E1,0,
M_acutus2,Chamber,C1,7,
M_acutus3,Entrance,E1,0,
M_acutus3,Chamber,C1,5,
M_acutus4,Entrance,E1,0,
M_acutus4,Chamber,C1,5,
M_acutus5,Entrance,E1,0,
M_acutus5,Chamber,C1,4.5,
M_dispar_10,Chamber,C1,NA,
M_dispar_10,Chamber,C2,NA,
M_dispar_10,Chamber,C3,NA,
M_dispar_10,Chamber,C4,NA,
M_dispar_10,Chamber,C5,NA,
M_dispar_10,Chamber,C6,NA,
M_dispar_10,Chamber,C7,NA,
M_dispar_10,Chamber,C8,NA,
M_dispar_10,Chamber,C9,NA,
M_dispar_10,Chamber,C10,NA,
M_dispar_10,Chamber,C11,NA,
M_dispar_10,Chamber,C12,NA,
M_dispar_10,Chamber,C13,NA,
M_dispar_10,Chamber,C14,NA,
M_dispar_10,Chamber,C15,NA,
M_dispar_10,Chamber,C16,NA,
M_dispar_10,Chamber,C17,NA,
M_dispar_10,Chamber,C18,NA,
M_dispar_10,Chamber,C19,NA,
M_dispar_10,Chamber,C20,NA,
M_dispar_10,Chamber,C21,NA,
M_dispar_10,Chamber,C22,NA,
M_dispar_10,Chamber,C23,NA,
M_dispar_10,Chamber,C24,NA,
M_dispar_10,Chamber,C25,NA,
M_dispar_10,Chamber,C26,NA,
M_dispar_10,Chamber,C27,NA,
M_dispar_10,Chamber,C28,NA,
M_dispar_10,Chamber,C29,NA,
M_dispar_10,Chamber,C30,NA,
M_dispar_10,Chamber,C31,NA,
M_dispar_10,Chamber,C32,NA,
M_dispar_10,Chamber,C33,NA,
M_dispar_11,Chamber,C1,NA,
M_dispar_11,Chamber,C2,NA,
M_dispar_11,Chamber,C3,NA,
M_dispar_11,Chamber,C4,NA,
M_dispar_11,Chamber,C5,NA,
M_dispar_11,Chamber,C6,NA,
M_dispar_11,Chamber,C7,NA,
M_dispar_11,Chamber,C8,NA,
M_dispar_11,Chamber,C9,NA,
M_dispar_11,Chamber,C10,NA,
M_dispar_11,Chamber,C11,NA,
M_dispar_11,Chamber,C12,NA,
M_dispar_11,Chamber,C13,NA,
M_dispar_11,Chamber,C14,NA,
M_dispar_11,Chamber,C15,NA,
M_dispar_11,Chamber,C16,NA,
M_dispar_11,Chamber,C17,NA,
M_dispar_11,Chamber,C18,NA,
M_dispar_11,Chamber,C19,NA,
M_dispar_11,Chamber,C20,NA,
M_dispar_12,Chamber,C1,NA,
M_dispar_12,Chamber,C2,NA,
M_dispar_12,Chamber,C3,NA,
M_dispar_12,Chamber,C4,NA,
M_dispar_12,Chamber,C5,NA,
M_dispar_12,Chamber,C6,NA,
M_dispar_12,Chamber,C7,NA,
M_dispar_12,Chamber,C8,NA,
M_dispar_12,Chamber,C9,NA,
M_dispar_12,Chamber,C10,NA,
M_dispar_12,Chamber,C11,NA,
M_dispar_12,Chamber,C12,NA,
M_dispar_12,Chamber,C13,NA,
M_dispar_12,Chamber,C14,NA,
M_dispar_12,Chamber,C15,NA,
M_dispar_12,Chamber,C16,NA,
M_dispar_12,Chamber,C17,NA,
M_dispar_12,Chamber,C18,NA,
M_dispar_12,Chamber,C19,NA,
M_dispar_12,Chamber,C20,NA,
M_dispar_12,Chamber,C21,NA,
M_dispar_12,Chamber,C22,NA,
M_dispar_12,Chamber,C23,NA,
M_dispar_12,Chamber,C24,NA,
M_dispar_12,Chamber,C25,NA,
M_dispar_12,Chamber,C26,NA,
M_dispar_12,Chamber,C27,NA,
M_dispar_12,Chamber,C28,NA,
M_dispar_12,Chamber,C29,NA,
M_dispar_12,Chamber,C30,NA,
M_dispar_12,Chamber,C31,NA,
M_dispar_12,Chamber,C32,NA,
M_dispar_12,Chamber,C33,NA,
M_dispar_12,Chamber,C34,NA,
M_dispar_12,Chamber,C35,NA,
M_dispar_12,Chamber,C36,NA,
M_dispar_12,Chamber,C37,NA,
M_dispar_12,Chamber,C38,NA,
M_dispar_12,Chamber,C39,NA,
M_dispar_12,Chamber,C40,NA,
M_dispar_12,Chamber,C41,NA,
M_dispar_12,Chamber,C42,NA,
M_dispar_12,Chamber,C43,NA,
M_dispar_12,Chamber,C44,NA,
M_dispar_12,Chamber,C45,NA,
M_dispar_12,Chamber,C46,NA,
M_dispar_12,Chamber,C47,NA,
M_dispar_13,Chamber,C1,NA,
M_dispar_13,Chamber,C2,NA,
M_dispar_13,Chamber,C3,NA,
M_dispar_15,Chamber,C1,NA,
M_dispar_15,Chamber,C2,NA,
M_dispar_15,Chamber,C3,NA,
M_dispar_15,Chamber,C4,NA,
M_dispar_15,Chamber,C5,NA,
M_dispar_15,Chamber,C6,NA,
M_dispar_15,Chamber,C7,NA,
M_dispar_15,Chamber,C8,NA,
M_dispar_15,Chamber,C9,NA,
M_dispar_15,Chamber,C10,NA,
M_dispar_37,Chamber,C1,NA,
M_dispar_37,Chamber,C2,NA,
M_dispar_37,Chamber,C3,NA,
M_dispar_37,Chamber,C4,NA,
M_dispar_37,Chamber,C5,NA,
M_dispar_37,Chamber,C6,NA,
M_dispar_37,Chamber,C7,NA,
M_dispar_37,Chamber,C8,NA,
M_dispar_37,Chamber,C9,NA,
M_dispar_37,Chamber,C10,NA,
M_dispar_5,Chamber,C1,NA,
M_dispar_5,Chamber,C2,NA,
M_dispar_5,Chamber,C3,NA,
M_dispar_5,Chamber,C4,NA,
M_dispar_6,Chamber,C1,NA,
M_dispar_6,Chamber,C2,NA,
M_dispar_6,Chamber,C3,NA,
M_dispar_6,Chamber,C4,NA,
M_dispar_6,Chamber,C5,NA,
M_dispar_6,Chamber,C6,NA,
M_dispar_6,Chamber,C7,NA,
M_dispar_6,Chamber,C8,NA,
M_dispar_6,Chamber,C9,NA,
M_dispar_6,Chamber,C10,NA,
M_dispar_6,Chamber,C11,NA,
M_dispar_6,Chamber,C12,NA,
M_dispar_6,Chamber,C13,NA,
M_dispar_6,Chamber,C14,NA,
M_dispar_6,Chamber,C15,NA,
M_dispar_6,Chamber,C16,NA,
M_dispar_7,Chamber,C1,NA,
M_dispar_7,Chamber,C2,NA,
M_dispar_7,Chamber,C3,NA,
M_dispar_7,Chamber,C4,NA,
M_dispar_7,Chamber,C5,NA,
M_dispar_7,Chamber,C6,NA,
M_dispar_7,Chamber,C7,NA,
M_dispar_7,Chamber,C8,NA,
M_dispar_7,Chamber,C9,NA,
M_dispar_7,Chamber,C10,NA,
M_dispar_7,Chamber,C11,NA,
M_dispar_7,Chamber,C12,NA,
M_dispar_7,Chamber,C13,NA,
M_dispar_7,Chamber,C14,NA,
M_dispar_9,Chamber,C1,NA,
M_dispar_9,Chamber,C2,NA,
M_dispar_9,Chamber,C3,NA,
M_dispar_9,Chamber,C4,NA,
M_dispar_9,Chamber,C5,NA,
M_dispar_9,Chamber,C6,NA,
M_dispar_9,Chamber,C7,NA,
M_dispar_9,Chamber,C8,NA,
M_dispar_9,Chamber,C9,NA,
M_dispar_9,Chamber,C10,NA,
M_dispar_9,Chamber,C11,NA,
M_dispar_9,Chamber,C12,NA,
M_dispar_9,Chamber,C13,NA,
M_dispar_9,Chamber,C14,NA,
M_goeldii_20,Chamber,C1,NA,
M_goeldii_20,Chamber,C2,NA,
M_goeldii_20,Chamber,C3,NA,
M_goeldii_20,Chamber,C4,NA,
M_goeldii_20,Chamber,C5,NA,
M_goeldii_20,Chamber,C6,NA,
M_goeldii_20,Chamber,C7,NA,
M_goeldii_20,Chamber,C8,NA,
M_goeldii_20,Chamber,C9,NA,
M_goeldii_20,Chamber,C10,NA,
M_goeldii_20,Chamber,C11,NA,
M_goeldii_20,Chamber,C12,NA,
M_goeldii_20,Chamber,C13,NA,
M_goeldii_20,Chamber,C14,NA,
M_goeldii_20,Chamber,C15,NA,
M_goeldii_20,Chamber,C16,NA,
M_goeldii_20,Chamber,C17,NA,
M_goeldii_20,Chamber,C18,NA,
M_goeldii_20,Chamber,C19,NA,
M_goeldii_20,Chamber,C20,NA,
M_goeldii_20,Chamber,C21,NA,
M_goeldii_54,Chamber,C1,NA,
M_goeldii_54,Chamber,C2,NA,
M_goeldii_54,Chamber,C3,NA,
M_goeldii_54,Chamber,C4,NA,
M_goeldii_54,Chamber,C5,NA,
M_goeldii_54,Chamber,C6,NA,
M_goeldii_54,Chamber,C7,NA,
M_goeldii_54,Chamber,C8,NA,
M_goeldii_54,Chamber,C9,NA,
M_goeldii_54,Chamber,C10,NA,
M_goeldii_54,Chamber,C11,NA,
M_goeldii_72,Chamber,C1,NA,
M_goeldii_72,Chamber,C2,NA,
M_goeldii_72,Chamber,C3,NA,
M_goeldii_72,Chamber,C4,NA,
M_goeldii_72,Chamber,C5,NA,
M_goeldii_CR17,Entrance,E1,0,
M_goeldii_CR17,Chamber,C6,4.674,
M_goeldii_CR17,Chamber,C7,4.783,
M_goeldii_CR17,Chamber,C2,4.861,
M_goeldii_CR17,Chamber,C1,6.088,
M_goeldii_CR17,Chamber,C8,6.197,
M_goeldii_CR17,Chamber,C5,6.414,
M_goeldii_CR17,Chamber,C3,7.174,
M_goeldii_CR17,Chamber,C4,7.175,
M_inflatus1,Entrance,E1,0,graph
M_inflatus1,Chamber,C2,5,
M_inflatus1,Chamber,C1,6.5,
M_inflatus1,Chamber,C3,7.5,
M_inflatus2,Entrance,E1,0,
M_inflatus2,Chamber,C2,3.884,
M_inflatus2,Chamber,C1,4.47,
M_inflatus2,Chamber,C3,7.415,
M_inflatus2,Chamber,C4,8.353,
M_inflatus3,Entrance,E1,0,
M_inflatus3,Chamber,C1,8,
M_inflatus3,Chamber,C2,8,
M_inflatus3,Chamber,C3,3,
M_inflatus4,Entrance,E1,0,
M_inflatus4,Chamber,C1,9,
M_inflatus4,Chamber,C2,7,
M_parallelus1,Entrance,E1,0,
M_parallelus1,Chamber,C1,3,
M_parallelus10,Entrance,E1,0,
M_parallelus10,Chamber,C1,10.4,
M_parallelus11,Entrance,E1,0,
M_parallelus11,Chamber,C1,2.6,
M_parallelus12,Entrance,E1,0,
M_parallelus12,Chamber,C1,7.3,
M_parallelus13,Entrance,E1,0,
M_parallelus13,Chamber,C1,5.6,
M_parallelus14,Entrance,E1,0,
M_parallelus14,Chamber,C1,4,
M_parallelus15,Entrance,E1,0,
M_parallelus15,Chamber,C1,3.5,
M_parallelus17,Entrance,E1,0,
M_parallelus17,Chamber,C1,4.6,
M_parallelus19,Entrance,E1,0,
M_parallelus19,Chamber,C1,7,
M_parallelus2,Entrance,E1,0,
M_parallelus2,Chamber,C1,2,
M_parallelus3,Entrance,E1,0,
M_parallelus3,Chamber,C2,2.2,
M_parallelus3,Chamber,C1,3.8,
M_parallelus4,Entrance,E1,0,
M_parallelus4,Chamber,C1,5,
M_parallelus5,Entrance,E1,0,
M_parallelus5,Chamber,C1,4,
M_parallelus6,Entrance,E1,0,
M_parallelus6,Chamber,C1,7,
M_parallelus8,Entrance,E1,0,
M_parallelus8,Chamber,C1,2.5,
M_parallelus9,Entrance,E1,0,
M_parallelus9,Chamber,C1,5.7,
M_simplex1,Entrance,E1,NA,
M_simplex1,Chamber,C1,NA,
M_simplex1,Chamber,C2,NA,
M_simplex2,Entrance,E1,0,
M_simplex2,Chamber,C1,4.5,
M_simplex2,Chamber,C2,7.5,
M_simplex2,Chamber,C3,12,
M_simplex3,Entrance,E1,0,
M_simplex3,Chamber,C1,5,
M_simplex3,Chamber,C2,7.5,
M_simplex3b,Entrance,E1,0,
M_simplex3b,Chamber,C1,3.571,
M_simplex3b,Chamber,C2,4.523,
M_simplex3b,Chamber,C3,12.025,
M_simplex4,Entrance,E1,0,
M_simplex4,Chamber,C1,6,
M_simplex4,Chamber,C2,6.5,
M_simplex5,Entrance,E1,0,
M_simplex5,Chamber,C1,5,
M_simplex5,Chamber,C2,13.5,
M_simplex6,Entrance,E1,0,
M_simplex6,Chamber,C1,6.5,
M_simplex6,Chamber,C2,7.5,
M_simplex6,Chamber,C3,19,
M_simplex7,Entrance,E1,0,
M_simplex7,Chamber,C1,1.5,
M_simplex7,Chamber,C2,4.5,
M_simplex7,Chamber,C3,7.5,
M_simplex8,Entrance,E1,NA,
M_simplex8,Chamber,C1,NA,
M_simplex8,Chamber,C2,NA,
M_smithii_CR32a,Chamber,C1,NA,
M_smithii_CR32a,Chamber,C2,NA,
M_smithii_CR32a,Chamber,C3,NA,
M_smithii_CR32a,Chamber,C4,NA,
M_smithii_CR32a,Chamber,C5,NA,
M_smithii_CR32a,Chamber,C6,NA,
M_smithii_CR32a,Chamber,C7,NA,
M_smithii_CR32a,Chamber,C8,NA,
M_smithii_CR32a,Chamber,C9,NA,
M_smithii_CR32a,Chamber,C10,NA,
M_smithii_CR32a,Chamber,C11,NA,
M_smithii_CR32a,Chamber,C12,NA,
M_smithii_CR32a,Chamber,C13,NA,
M_smithii_CR32a,Chamber,C14,NA,
M_smithii_CR32a,Chamber,C15,NA,
M_smithii_CR32b,Chamber,C1,NA,
M_smithii_CR32b,Chamber,C2,NA,
M_smithii_CR32b,Chamber,C3,NA,
M_smithii_CR33,Chamber,C1,NA,
M_smithii_CR33,Chamber,C2,NA,
M_smithii_CR33,Chamber,C3,NA,
M_smithii_CR33,Chamber,C4,NA,
M_smithii_CR34,Chamber,C1,NA,
M_smithii_CR34,Chamber,C2,NA,
M_smithii_CR34,Chamber,C3,NA,
M_smithii_CR34,Chamber,C4,NA,
M_smithii_CR34,Chamber,C5,NA,
M_smithii_CR34,Chamber,C6,NA,
M_smithii_CR34,Chamber,C7,NA,
M_smithii_CR34,Chamber,C8,NA,
M_smithii_CR34,Chamber,C9,NA,
M_smithii_CR34,Chamber,C10,NA,
M_smithii_CR34,Chamber,C11,NA,
M_smithii_CR34,Chamber,C12,NA,
M_smithii_CR34,Chamber,C13,NA,
M_smithii_CR60,Chamber,C1,NA,
M_smithii_CR60,Chamber,C2,NA,
M_smithii_CR60,Chamber,C3,NA,
M_smithii_CR60,Chamber,C4,NA,
M_smithii_CR60,Chamber,C5,NA,
M_smithii_CR61a,Chamber,C1,NA,
M_smithii_CR61a,Chamber,C2,NA,
M_smithii_CR61a,Chamber,C3,NA,
M_smithii_CR61a,Chamber,C4,NA,
M_smithii_CR61a,Chamber,C5,NA,
M_smithii_CR61a,Chamber,C6,NA,
M_smithii_CR61a,Chamber,C7,NA,
M_smithii_CR61a,Chamber,C8,NA,
M_smithii_CR61a,Chamber,C9,NA,
M_smithii_CR61a,Chamber,C10,NA,
M_smithii_CR61a,Chamber,C11,NA,
M_smithii_CR61a,Chamber,C12,NA,
M_smithii_CR61a,Chamber,C13,NA,
M_smithii_CR61a,Chamber,C14,NA,
M_smithii_CR61b,Chamber,C1,NA,
M_smithii_CR61b,Chamber,C2,NA,
M_smithii_CR61b,Chamber,C3,NA,
M_smithii_CR7,Entrance,E1,0,
M_smithii_CR7,Chamber ,C1,3.571,
M_smithii_CR7,Chamber ,C2,4.143,
M_smithii_CR7,Chamber ,C3,5.008,
M_smithii_CR8,Chamber,C1,NA,
M_smithii_CR8,Chamber,C2,NA,
M_smithii_CR8,Chamber,C3,NA,
M_viridum,Chamber,C1,4.268,
M_viridum,Chamber,C2,4.829,
M_viridum,Chamber,C3,1.303,
M_viridum,Chamber,C4,2.751,
M_viridum,Chamber,C5,3.766,
M_viridum,Chamber,C6,3.369,
M_viridum,Chamber,C7,5.527,
M_viridum,Chamber,C8,5.375,
M_viridum,Chamber,C9,4.277,
M_viridum,Chamber,C10,3.713,
M_viridum,Chamber,C11,2.826,
M_viridum,Chamber,C12,2.502,
M_viridum,Chamber,C13,1.507,
M_viridum,Chamber,C14,4.225,
M_viridum,Chamber,C15,2.725,
M_viridum,Chamber,C16,0.834,
M_viridum,Chamber,C17,2.969,
M_viridum,Chamber,C18,3.182,
M_viridum,Chamber,C19,1.179,
M_viridum,Chamber,C20,2.515,
M_viridum,Chamber,C21,3.875,
M_viridum,Chamber,C22,1.916,
M_viridum,Chamber,C23,2.106,
M_viridum,Chamber,C24,3.354,
M_viridum,Chamber,C25,1.897,
M_viridum,Chamber,C26,1.315,
M_viridum,Chamber,C27,3.784,
M_viridum,Chamber,C28,1.09,
M_viridum,Chamber,C29,2.429,
M_viridum,Chamber,C30,2.546,
M_viridum,Chamber,C31,2.016,
M_viridum,Chamber,C32,1.756,
M_viridum,Chamber,C33,3.355,
M_viridum,Chamber,C34,2.967,
M_viridum,Chamber,C35,1.692,
M_viridum,Chamber,C36,2.926,
M_viridum,Chamber,C37,2.465,
Mes_pergandei1,Chamber ,C30,2.460625,0.96875
Mes_pergandei1,Chamber ,C26,2.8575,1.125
Mes_pergandei1,Chamber ,C4,3.01625,1.1875
Mes_pergandei1,Chamber ,C25,3.01625,1.1875
Mes_pergandei1,Chamber ,C5,3.175,1.25
Mes_pergandei1,Chamber ,C12,3.175,1.25
Mes_pergandei1,Chamber ,C33,3.175,1.25
Mes_pergandei1,Chamber ,C28,3.33375,1.3125
Mes_pergandei1,Chamber ,C18,3.4925,1.375
Mes_pergandei1,Chamber ,C21,3.4925,1.375
Mes_pergandei1,Chamber ,C29,3.65125,1.4375
Mes_pergandei1,Chamber ,C20,4.445,1.75
Mes_pergandei1,Chamber ,C3,4.524375,1.78125
Mes_pergandei1,Chamber ,C27,4.60375,1.8125
Mes_pergandei1,Chamber ,C10,4.92125,1.9375
Mes_pergandei1,Chamber ,C17,4.92125,1.9375
Mes_pergandei1,Chamber ,C9,5.3975,2.125
Mes_pergandei1,Chamber ,C13,5.3975,2.125
Mes_pergandei1,Chamber ,C15,5.3975,2.125
Mes_pergandei1,Chamber ,C1,5.87375,2.3125
Mes_pergandei1,Chamber ,C24,6.19125,2.4375
Mes_pergandei1,Chamber ,C32,6.19125,2.4375
Mes_pergandei1,Chamber ,C11,6.82625,2.6875
Mes_pergandei1,Chamber ,C22,6.82625,2.6875
Mes_pergandei1,Chamber ,C19,6.985,2.75
Mes_pergandei1,Chamber ,C16,7.46125,2.9375
Mes_pergandei1,Chamber ,C23,7.62,3
Mes_pergandei1,Chamber ,C6,8.89,3.5
Mes_pergandei1,Chamber ,C7,9.525,3.75
Mes_pergandei1,Chamber ,C8,10.16,4
Mes_pergandei1,Chamber ,C2,10.31875,4.0625
Mes_pergandei1,Chamber ,C14,13.17625,5.1875
Mes_pergandei1,Chamber ,C31,13.6525,5.375
M_navajo1,Chamber,C1,NA,
M_navajo1,Chamber,C2,NA,
M_navajo1,Chamber,C3,NA,
M_navajo1,Chamber,C4,NA,
M_navajo1,Chamber,C5,NA,
M_navajo1,Chamber,C6,NA,
M_navajo1,Chamber,C7,NA,
M_navajo1,Chamber,C8,NA,
M_navajo1,Chamber,C9,NA,
M_navajo1,Chamber,C10,NA,
M_navajo1,Chamber,C11,NA,
M_navajo1,Chamber,C12,NA,
M_navajo1,Chamber,C13,NA,
M_navajo1,Chamber,C14,NA,
O_brunneus1,Entrance,E1,0,
O_brunneus1,Chamber,C6,3.88,
O_brunneus1,Chamber,C4,4.14,
O_brunneus1,Chamber,C7,4.8,
O_brunneus1,Chamber,C2,4.88,
O_brunneus1,Chamber,C5,5.1,
O_brunneus1,Chamber,C1,5.23,
O_brunneus1,Chamber,C3,6.34,
O_brunneus10,Entrance,E1,0,
O_brunneus10,Chamber,C1,2.034,
O_brunneus10,Chamber,C3,2.652,
O_brunneus10,Chamber,C8,3.661,
O_brunneus10,Chamber,C6,3.666,
O_brunneus10,Chamber,C2,3.683,
O_brunneus10,Chamber,C7,3.949,
O_brunneus10,Chamber,C5,3.996,
O_brunneus10,Chamber,C9,4.088,
O_brunneus10,Chamber,C4,4.271,
O_brunneus11,Entrance,E1,0,
O_brunneus11,Chamber,C5,2.27,
O_brunneus11,Chamber,C3,4.13,
O_brunneus11,Chamber,C19,4.153,
O_brunneus11,Chamber,C15,4.612,
O_brunneus11,Chamber,C10,4.668,
O_brunneus11,Chamber,C4,4.885,
O_brunneus11,Chamber,C18,6.087,
O_brunneus11,Chamber,C2,6.102,
O_brunneus11,Chamber,C7,6.514,
O_brunneus11,Chamber,C17,6.522,
O_brunneus11,Chamber,C14,6.743,
O_brunneus11,Chamber,C13,7.546,
O_brunneus11,Chamber,C6,8.183,
O_brunneus11,Chamber,C16,8.287,
O_brunneus11,Chamber,C8,8.391,
O_brunneus11,Chamber,C12,8.478,
O_brunneus11,Chamber,C11,8.809,
O_brunneus11,Chamber,C9,9.143,
O_brunneus11,Chamber,C20,9.418,
O_brunneus11,Chamber,C1,9.821,
O_brunneus12,Entrance,E1,0,
O_brunneus12,Chamber,C2,2.003,
O_brunneus12,Chamber,C3,2.457,
O_brunneus12,Chamber,C6,3.354,
O_brunneus12,Chamber,C5,3.463,
O_brunneus12,Chamber,C1,6.571,
O_brunneus12,Chamber,C4,7.942,
O_brunneus15,Entrance,E1,0,
O_brunneus15,Chamber,C4,1.875,
O_brunneus15,Chamber,C5,1.929,
O_brunneus15,Chamber,C6,3.051,
O_brunneus15,Chamber,C8,3.463,
O_brunneus15,Chamber,C7,4.113,
O_brunneus15,Chamber,C3,4.493,
O_brunneus15,Chamber,C1,4.548,
O_brunneus15,Chamber,C2,5.709,
O_brunneus2,Entrance,E1,0,
O_brunneus2,Chamber,C2,2.449,
O_brunneus2,Chamber,C3,4.073,
O_brunneus2,Chamber,C1,5.288,
O_brunneus2,Chamber,C4,6.105,
O_brunneus2,Chamber,C5,6.915,
O_brunneus2,Chamber,C6,9.197,
O_brunneus3,Entrance,E1,0,
O_brunneus3,Chamber,C6,3.183,
O_brunneus3,Chamber,C3,3.711,
O_brunneus3,Chamber,C2,4.479,
O_brunneus3,Chamber,C7,5.088,
O_brunneus3,Chamber,C1,8.969,
O_brunneus3,Chamber,C8,13.03,
O_brunneus3,Chamber,C4,13.748,
O_brunneus3,Chamber,C5,16.107,
O_brunneus4,Entrance,E1,0,
O_brunneus4,Chamber,C10,2.373,
O_brunneus4,Chamber,C2,2.737,
O_brunneus4,Chamber,C4,3.182,
O_brunneus4,Chamber,C7,3.19,
O_brunneus4,Chamber,C5,3.636,
O_brunneus4,Chamber,C1,3.864,
O_brunneus4,Chamber,C8,4.794,
O_brunneus4,Chamber,C3,5.227,
O_brunneus4,Chamber,C9,5.232,
O_brunneus4,Chamber,C11,5.572,
O_brunneus4,Chamber,C6,5.913,
O_brunneus6,Entrance,E1,0,
O_brunneus6,Chamber,C1,2.034,
O_brunneus6,Chamber,C2,3.279,
O_brunneus6,Chamber,C3,6.357,
O_brunneus7,Entrance,E1,0,
O_brunneus7,Entrance,E2,0,
O_brunneus7,Entrance,E3,0,
O_brunneus7,Chamber,C8,2.081,
O_brunneus7,Chamber,C10,2.101,
O_brunneus7,Chamber,C5,2.449,
O_brunneus7,Chamber,C9,3.122,
O_brunneus7,Chamber,C7,4.712,
O_brunneus7,Chamber,C6,4.902,
O_brunneus7,Chamber,C1,5.31,
O_brunneus7,Chamber,C2,5.369,
O_brunneus7,Chamber,C4,5.514,
O_brunneus7,Chamber,C3,5.714,
O_brunneus8,Entrance,E1,0,
O_brunneus8,Chamber,C5,2.045,
O_brunneus8,Chamber,C8,2.373,
O_brunneus8,Chamber,C3,3.19,
O_brunneus8,Chamber,C1,3.665,
O_brunneus8,Chamber,C4,3.89,
O_brunneus8,Chamber,C6,4.551,
O_brunneus8,Chamber,C7,6.141,
O_brunneus8,Chamber,C2,6.595,
O_brunneus9,Entrance,E1,0,
O_brunneus9,Chamber,C2,2.876,
O_brunneus9,Chamber,C7,3.279,
O_brunneus9,Chamber,C1,3.511,
O_brunneus9,Chamber,C6,3.666,
O_brunneus9,Chamber,C5,3.869,
O_brunneus9,Chamber,C8,5.292,
O_brunneus9,Chamber,C4,5.912,
O_brunneus9,Chamber,C3,6.132,
O_chelifer1,Chamber,C1,NA,
O_chelifer1,Chamber,C2,NA,
O_chelifer1,Chamber,C3,NA,
O_chelifer1,Chamber,C4,NA,
O_chelifer1,Chamber,C5,NA,
O_chelifer1,Chamber,C6,NA,
O_chelifer1,Chamber,C7,NA,
O_chelifer1,Chamber,C8,NA,
O_chelifer1,Chamber,C9,NA,
O_chelifer1,Chamber,C10,NA,
O_chelifer1,Chamber,C11,NA,
O_chelifer1,Chamber,C12,NA,
O_chelifer1,Chamber,C13,NA,
O_chelifer1,Chamber,C14,NA,
O_chelifer1,Chamber,C15,NA,
O_chelifer1,Chamber,C16,NA,
O_chelifer1,Chamber,C17,NA,
O_chelifer1,Chamber,C18,NA,
O_chelifer1,Chamber,C19,NA,
O_chelifer1,Chamber,C20,NA,
O_chelifer1,Chamber,C21,NA,
O_chelifer1,Chamber,C22,NA,
O_chelifer1,Chamber,C23,NA,
O_chelifer1,Chamber,C24,NA,
O_chelifer2,Chamber,C1,NA,
O_chelifer2,Chamber,C2,NA,
O_chelifer2,Chamber,C3,NA,
O_chelifer2,Chamber,C4,NA,
O_chelifer2,Chamber,C5,NA,
O_chelifer2,Chamber,C6,NA,
O_chelifer2,Chamber,C7,NA,
O_chelifer2,Chamber,C8,NA,
O_chelifer2,Chamber,C9,NA,
O_chelifer2,Chamber,C10,NA,
O_chelifer2,Chamber,C11,NA,
O_chelifer2,Chamber,C12,NA,
O_chelifer2,Chamber,C13,NA,
O_chelifer2,Chamber,C14,NA,
O_chelifer2,Chamber,C15,NA,
O_chelifer2,Chamber,C16,NA,
O_chelifer2,Chamber,C17,NA,
O_chelifer2,Chamber,C18,NA,
O_chelifer2,Chamber,C19,NA,
O_chelifer2,Chamber,C20,NA,
O_chelifer2,Chamber,C21,NA,
O_chelifer2,Chamber,C22,NA,
O_chelifer2,Chamber,C23,NA,
O_chelifer2,Chamber,C24,NA,
O_chelifer2,Chamber,C25,NA,
O_chelifer2,Chamber,C26,NA,
O_chelifer2,Chamber,C27,NA,
O_chelifer2,Chamber,C28,NA,
O_chelifer2,Chamber,C29,NA,
O_chelifer2,Chamber,C30,NA,
O_chelifer2,Chamber,C31,NA,
O_chelifer2,Chamber,C32,NA,
O_chelifer2,Chamber,C33,NA,
O_chelifer2,Chamber,C34,NA,
O_chelifer2,Chamber,C35,NA,
O_chelifer2,Chamber,C36,NA,
O_chelifer2,Chamber,C37,NA,
O_chelifer2,Chamber,C38,NA,
O_chelifer2,Chamber,C39,NA,
O_chelifer2,Chamber,C40,NA,
O_chelifer2,Chamber,C41,NA,
O_chelifer2,Chamber,C42,NA,
O_chelifer2,Chamber,C43,NA,
O_chelifer2,Chamber,C44,NA,
O_chelifer2,Chamber,C45,NA,
O_chelifer3,Entrance,E1,NA,
O_chelifer3,Entrance,E2,NA,
O_chelifer3,Entrance,E3,NA,
O_chelifer3,Entrance,E4,NA,
O_chelifer3,Chamber,C17,NA,
O_chelifer3,Chamber,C1,NA,
O_chelifer3,Chamber,C24,NA,
O_chelifer3,Chamber,C2,NA,
O_chelifer3,Chamber,C10,NA,
O_chelifer3,Chamber,C26,NA,
O_chelifer3,Chamber,C6,NA,
O_chelifer3,Chamber,C21,NA,
O_chelifer3,Chamber,C13,NA,
O_chelifer3,Chamber,C9,NA,
O_chelifer3,Chamber,C15,NA,
O_chelifer3,Chamber,C3,NA,
O_chelifer3,Chamber,C23,NA,
O_chelifer3,Chamber,C25,NA,
O_chelifer3,Chamber,C19,NA,
O_chelifer3,Chamber,C8,NA,
O_chelifer3,Chamber,C22,NA,
O_chelifer3,Chamber,C7,NA,
O_chelifer3,Chamber,C4,NA,
O_chelifer3,Chamber,C20,NA,
O_chelifer3,Chamber,C5,NA,
O_chelifer3,Chamber,C14,NA,
O_chelifer3,Chamber,C12,NA,
O_chelifer3,Chamber,C16,NA,
O_chelifer3,Chamber,C18,NA,
O_chelifer3,Chamber,C11,NA,
O_chelifer4,Chamber,C1,NA,
O_chelifer4,Chamber,C2,NA,
O_chelifer4,Chamber,C3,NA,
O_chelifer4,Chamber,C4,NA,
O_chelifer4,Chamber,C5,NA,
O_chelifer4,Chamber,C6,NA,
O_chelifer4,Chamber,C7,NA,
O_chelifer4,Chamber,C8,NA,
O_chelifer4,Chamber,C9,NA,
O_chelifer4,Chamber,C10,NA,
O_chelifer4,Chamber,C11,NA,
O_chelifer4,Chamber,C12,NA,
O_chelifer4,Chamber,C13,NA,
O_chelifer4,Chamber,C14,NA,
O_chelifer4,Chamber,C15,NA,
O_chelifer4,Chamber,C16,NA,
O_chelifer4,Chamber,C17,NA,
O_chelifer4,Chamber,C18,NA,
O_chelifer4,Chamber,C19,NA,
O_chelifer4,Chamber,C20,NA,
O_chelifer4,Chamber,C21,NA,
O_chelifer4,Chamber,C22,NA,
O_chelifer4,Chamber,C23,NA,
O_chelifer4,Chamber,C24,NA,
O_chelifer4,Chamber,C25,NA,
O_chelifer4,Chamber,C26,NA,
O_chelifer4,Chamber,C27,NA,
O_chelifer4,Chamber,C28,NA,
O_chelifer4,Chamber,C29,NA,
O_chelifer4,Chamber,C30,NA,
O_chelifer4,Chamber,C31,NA,
O_chelifer4,Chamber,C32,NA,
O_chelifer4,Chamber,C33,NA,
O_chelifer4,Chamber,C34,NA,
O_chelifer4,Chamber,C35,NA,
O_chelifer4,Chamber,C36,NA,
O_chelifer4,Chamber,C37,NA,
O_chelifer4,Chamber,C38,NA,
O_chelifer4,Chamber,C39,NA,
O_chelifer4,Chamber,C40,NA,
O_chelifer4,Chamber,C41,NA,
O_chelifer4,Chamber,C42,NA,
O_chelifer4,Chamber,C43,NA,
O_chelifer4,Chamber,C44,NA,
O_chelifer4,Chamber,C45,NA,
O_chelifer4,Chamber,C46,NA,
O_chelifer4,Chamber,C47,NA,
O_chelifer4,Chamber,C48,NA,
O_chelifer4,Chamber,C49,NA,
O_chelifer4,Chamber,C50,NA,
O_chelifer4,Chamber,C51,NA,
O_chelifer4,Chamber,C52,NA,
O_chelifer4,Chamber,C53,NA,
O_chelifer4,Chamber,C54,NA,
O_chelifer4,Chamber,C55,NA,
O_chelifer4,Chamber,C56,NA,
O_chelifer4,Chamber,C57,NA,
O_chelifer4,Chamber,C58,NA,
O_chelifer4,Chamber,C59,NA,
O_chelifer4,Chamber,C60,NA,
O_chelifer4,Chamber,C61,NA,
O_chelifer4,Chamber,C62,NA,
O_chelifer4,Chamber,C63,NA,
O_chelifer4,Chamber,C64,NA,
O_chelifer4,Chamber,C65,NA,
O_chelifer4,Chamber,C66,NA,
O_chelifer4,Chamber,C67,NA,
O_chelifer4,Chamber,C68,NA,
O_chelifer4,Chamber,C69,NA,
O_chelifer4,Chamber,C70,NA,
O_chelifer4,Chamber,C71,NA,
O_chelifer4,Chamber,C72,NA,
O_chelifer4,Chamber,C73,NA,
O_chelifer4,Chamber,C74,NA,
O_chelifer4,Chamber,C75,NA,
O_chelifer4,Chamber,C76,NA,
O_chelifer4,Chamber,C77,NA,
O_chelifer5,Chamber,C1,NA,
O_chelifer5,Chamber,C2,NA,
O_chelifer5,Chamber,C3,NA,
O_chelifer5,Chamber,C4,NA,
O_chelifer5,Chamber,C5,NA,
O_chelifer5,Chamber,C6,NA,
O_chelifer5,Chamber,C7,NA,
O_chelifer5,Chamber,C8,NA,
O_chelifer5,Chamber,C9,NA,
O_chelifer5,Chamber,C10,NA,
O_chelifer5,Chamber,C11,NA,
O_chelifer5,Chamber,C12,NA,
O_chelifer5,Chamber,C13,NA,
O_chelifer5,Chamber,C14,NA,
O_chelifer5,Chamber,C15,NA,
O_chelifer5,Chamber,C16,NA,
O_chelifer5,Chamber,C17,NA,
O_chelifer5,Chamber,C18,NA,
O_chelifer5,Chamber,C19,NA,
O_chelifer5,Chamber,C20,NA,
O_chelifer5,Chamber,C21,NA,
O_chelifer5,Chamber,C22,NA,
O_chelifer5,Chamber,C23,NA,
O_chelifer5,Chamber,C24,NA,
O_chelifer5,Chamber,C25,NA,
O_chelifer5,Chamber,C26,NA,
O_chelifer5,Chamber,C27,NA,
O_chelifer5,Chamber,C28,NA,
O_chelifer5,Chamber,C29,NA,
O_chelifer5,Chamber,C30,NA,
O_chelifer5,Chamber,C31,NA,
O_chelifer5,Chamber,C32,NA,
O_chelifer5,Chamber,C33,NA,
O_chelifer5,Chamber,C34,NA,
O_chelifer5,Chamber,C35,NA,
O_chelifer5,Chamber,C36,NA,
O_chelifer5,Chamber,C37,NA,
O_chelifer5,Chamber,C38,NA,
O_chelifer5,Chamber,C39,NA,
O_chelifer5,Chamber,C40,NA,
O_chelifer5,Chamber,C41,NA,
O_chelifer5,Chamber,C42,NA,
O_chelifer5,Chamber,C43,NA,
O_chelifer5,Chamber,C44,NA,
O_chelifer5,Chamber,C45,NA,
O_chelifer5,Chamber,C46,NA,
P_badius_146_new,Chamber,C1,12.365,
P_badius_146_new,Chamber,C2,13.293,
P_badius_146_new,Chamber,C3,6.172,
P_badius_146_new,Chamber,C4,6.039,
P_badius_146_new,Chamber,C5,8.293,
P_badius_146_new,Chamber,C6,17.278,
P_badius_146_new,Chamber,C7,18.943,
P_badius_146_new,Chamber,C8,14.579,
P_badius_146_new,Chamber,C9,13.527,
P_badius_146_new,Chamber,C10,12.048,
P_badius_146_new,Chamber,C11,6.984,
P_badius_146_new,Chamber,C12,14.836,
P_badius_146_new,Chamber,C13,19.307,
P_badius_146_new,Chamber,C14,21.388,
P_badius_146_new,Chamber,C15,12.129,
P_badius_146_new,Chamber,C16,18.226,
P_badius_146_new,Chamber,C17,14.687,
P_badius_146_new,Chamber,C18,13.905,
P_badius_146_new,Chamber,C19,15.053,
P_badius_146_new,Chamber,C20,13.814,
P_badius_146_new,Chamber,C21,18.123,
P_badius_146_new,Chamber,C22,20.742,
P_badius_146_new,Chamber,C23,11.798,
P_badius_146_new,Chamber,C24,19.088,
P_badius_146_new,Chamber,C25,16.488,
P_badius_146_new,Chamber,C26,13.435,
P_badius_146_new,Chamber,C27,9.71,
P_badius_146_new,Chamber,C28,8.293,
P_badius_146_new,Chamber,C29,7.751,
P_badius_146_new,Chamber,C30,10.056,
P_badius_146_new,Chamber,C31,9.796,
P_badius_146_new,Chamber,C32,8.293,
P_badius_146_new,Chamber,C33,7.09,
P_badius_146_new,Chamber,C34,9.272,
P_badius_155_new,Chamber,C1,20.203,
P_badius_155_new,Chamber,C2,8.046,
P_badius_155_new,Chamber,C3,7.902,
P_badius_155_new,Chamber,C4,8.246,
P_badius_155_new,Chamber,C5,16.448,
P_badius_155_new,Chamber,C6,8.871,
P_badius_155_new,Chamber,C7,7.166,
P_badius_155_new,Chamber,C8,6.664,
P_badius_155_new,Chamber,C9,16.611,
P_badius_155_new,Chamber,C10,19.546,
P_badius_155_new,Chamber,C11,10.94,
P_badius_155_new,Chamber,C12,12.688,
P_badius_155_new,Chamber,C13,8.802,
P_badius_155_new,Chamber,C14,19.06,
P_badius_155_new,Chamber,C15,13.729,
P_badius_155_new,Chamber,C16,17.417,
P_badius_155_new,Chamber,C17,9.996,
P_badius_155_new,Chamber,C18,9.583,
P_badius_155_new,Chamber,C19,19.606,
P_badius_155_new,Chamber,C20,8.972,
P_badius_155_new,Chamber,C21,15.186,
P_badius_155_new,Chamber,C22,12.649,
P_badius_155_new,Chamber,C23,12.688,
P_badius_155_new,Chamber,C24,19.504,
P_badius_155_new,Chamber,C25,13.577,
P_badius_155_new,Chamber,C26,17.827,
P_badius_155_new,Chamber,C27,15.186,
P_badius_155_new,Chamber,C28,9.604,
P_badius_155_new,Chamber,C29,17.466,
P_badius_155_new,Chamber,C30,16,
P_badius_155_new,Chamber,C31,12.86,
P_badius_155_new,Chamber,C32,14.348,
P_badius_155_new,Chamber,C33,5.518,
P_badius_155_new,Chamber,C34,7.565,
P_badius_155_new,Chamber,C35,5.151,
P_badius_155_new,Chamber,C36,3.614,
P_badius_223_new,Chamber,C1,5.495,
P_badius_223_new,Chamber,C2,9.275,
P_badius_223_new,Chamber,C3,4.907,
P_badius_223_new,Chamber,C4,8.466,
P_badius_223_new,Chamber,C5,8.352,
P_badius_223_new,Chamber,C6,5.883,
P_badius_223_new,Chamber,C7,5.421,
P_badius_223_new,Chamber,C8,5.96,
P_badius_223_new,Chamber,C9,6.031,
P_badius_223_new,Chamber,C10,11.332,
P_badius_223_new,Chamber,C11,7.612,
P_badius_223_new,Chamber,C12,9.103,
P_badius_223_new,Chamber,C13,8.749,
P_badius_223_new,Chamber,C14,7.403,
P_badius_223_new,Chamber,C15,5.787,
P_badius_223_new,Chamber,C16,11.431,
P_badius_223_new,Chamber,C17,5.281,
P_badius_223_new,Chamber,C18,4.023,
P_badius_290_new,Chamber,C1,7.591,
P_badius_290_new,Chamber,C2,10.793,
P_badius_290_new,Chamber,C3,9.415,
P_badius_290_new,Chamber,C4,8.392,
P_badius_290_new,Chamber,C5,10.608,
P_badius_290_new,Chamber,C6,12.326,
P_badius_290_new,Chamber,C7,6.791,
P_badius_290_new,Chamber,C8,7.485,
P_badius_290_new,Chamber,C9,7.279,
P_badius_290_new,Chamber,C10,17.899,
P_badius_290_new,Chamber,C11,3.722,
P_badius_290_new,Chamber,C12,7.159,
P_badius_290_new,Chamber,C13,13.244,
P_badius_290_new,Chamber,C14,11.242,
P_badius_290_new,Chamber,C15,5.914,
P_badius_290_new,Chamber,C16,8.437,
P_badius_290_new,Chamber,C17,15.037,
P_badius_290_new,Chamber,C18,22.632,
P_badius_290_new,Chamber,C19,7.577,
P_badius_290_new,Chamber,C20,14.271,
P_badius_290_new,Chamber,C21,10.507,
P_badius_290_new,Chamber,C22,7.373,
P_badius_290_new,Chamber,C23,12.983,
P_badius_290_new,Chamber,C24,12.634,
P_badius_290_new,Chamber,C25,11.056,
P_badius_290_new,Chamber,C26,15.229,
P_badius_290_new,Chamber,C27,8.951,
P_badius_290_new,Chamber,C28,14.898,
P_badius_290_new,Chamber,C29,14.171,
P_badius_290_new,Chamber,C30,14.147,
P_badius_290_new,Chamber,C31,10.219,
P_badius_290_new,Chamber,C32,7.279,
P_badius_290_new,Chamber,C33,11.304,
P_badius_290_new,Chamber,C34,13.656,
P_badius_290_new,Chamber,C35,16.087,
P_badius_290_new,Chamber,C36,9.539,
P_badius_290_new,Chamber,C37,13.79,
P_badius_290_new,Chamber,C38,11.392,
P_badius_290_new,Chamber,C39,7.149,
P_badius_290_new,Chamber,C40,7.443,
P_badius_290_new,Chamber,C41,9.27,
P_badius_290_new,Chamber,C42,11.769,
P_badius_290_new,Chamber,C43,12.999,
P_badius_290_new,Chamber,C44,5.055,
P_badius_290_new,Chamber,C45,13.473,
P_badius_290_new,Chamber,C46,4.993,
P_badius_290_new,Chamber,C47,11.401,
P_badius_290_new,Chamber,C48,13.957,
P_dentata,Chamber,C1,8.042,
P_dentata,Chamber,C2,5.355,
P_dentata,Chamber,C3,4.174,
P_dentata,Chamber,C4,2.513,
P_dentata,Chamber,C5,3.522,
P_dentata,Chamber,C6,2.259,
P_dentata,Chamber,C7,4.914,
P_dentata,Chamber,C8,6.168,
P_imparis1,Chamber,C1,3.93,
P_imparis1,Chamber,C9,4.52,
P_imparis1,Chamber,C4,6.07,
P_imparis1,Chamber,C11,6.07,
P_imparis1,Chamber,C8,7.99,
P_imparis1,Chamber,C3,8.25,
P_imparis1,Chamber,C10,10.16,
P_imparis1,Chamber,C7,10.46,
P_imparis1,Chamber,C2,11.57,
P_imparis1,Chamber,C5,11.79,
P_imparis1,Chamber,C6,13.58,
P_imparis1A,,C1,NA,
P_imparis1A,,C2,NA,
P_imparis1A,,C3,NA,
P_imparis1A,,C4,NA,
P_imparis1A,,C5,NA,
P_imparis1A,,C6,NA,
P_imparis1A,,C7,NA,
P_imparis1A,,C8,NA,
P_imparis1A,,C9,NA,
P_imparis1A,,C10,NA,
P_imparis1A,,C11,NA,
P_imparis1A,,C12,NA,
P_imparis1A,,C13,NA,
P_imparis1A,,C14,NA,
P_imparis2,,C1,NA,
P_imparis2,,C2,NA,
P_imparis2,,C3,NA,
P_imparis2,,C4,NA,
P_imparis2,,C5,NA,
P_imparis2,,C6,NA,
P_imparis2,,C7,NA,
P_imparis2,,C8,NA,
P_imparis2,,C9,NA,
P_imparis2,,C10,NA,
P_imparis2,,C11,NA,
P_imparis2,,C12,NA,
P_imparis2,,C13,NA,
P_imparis2,,C14,NA,
P_imparis2,,C15,NA,
P_imparis2,,C16,NA,
P_imparis2,,C17,NA,
P_imparis2,,C18,NA,
P_imparis2,,C19,NA,
P_imparis2,,C20,NA,
P_imparis2,,C21,NA,
P_imparis2,,C22,NA,
P_imparis3,,C1,NA,
P_imparis3,,C2,NA,
P_imparis3,,C3,NA,
P_imparis3,,C4,NA,
P_imparis3,,C5,NA,
P_imparis3,,C6,NA,
P_imparis3,,C7,NA,
P_imparis3,,C8,NA,
P_imparis3,,C9,NA,
P_imparis3,,C10,NA,
P_imparis3,,C11,NA,
P_imparis3,,C12,NA,
P_imparis3,,C13,NA,
P_imparis3,,C14,NA,
P_imparis3,,C15,NA,
P_imparis3,,C16,NA,
P_imparis3,,C17,NA,
P_imparis3,,C18,NA,
P_imparis3,,C19,NA,
P_imparis3,,C20,NA,
P_imparis3,,C21,NA,
P_imparis3,,C22,NA,
P_imparis3,,C23,NA,
P_imparis3,,C24,NA,
P_oxyops1,Entrance,E1,0,
P_oxyops1,Chamber,C8,10.886,
P_oxyops1,Chamber,C7,11.139,
P_oxyops1,Chamber,C4,11.392,
P_oxyops1,Chamber,C1,12.654,
P_oxyops1,Chamber,C6,13.16,
P_oxyops1,Chamber,C10,13.163,
P_oxyops1,Chamber,C3,13.182,
P_oxyops1,Chamber,C5,13.413,
P_oxyops1,Chamber,C12,13.413,
P_oxyops1,Chamber,C9,13.669,
P_oxyops1,Chamber,C11,15.699,
P_oxyops1,Chamber,C2,18.266,
P_striata5,Chamber,C1,3,
P_striata5,Chamber,C2,3,
P_striata5,Chamber,C3,9,
P_striata5,Chamber,C4,6,
P_striata5,Chamber,C5,1.5,
P_striata5,Chamber,C6,6.5,
P_striata5,Chamber,C7,2,
P_striata5,Chamber,C8,7,
P_striata5,Chamber,C9,3,
P_striata6,Chamber,C1,10,
P_striata6,Chamber,C2,2.5,
P_striata6,Chamber,C3,30,
P_striata6,Chamber,C4,2,
P_striata6,Chamber,C5,3,
P_striata6,Chamber,C6,12,
P_striata8,Chamber,C1,2,
P_striata8,Chamber,C2,5,
P_striata8,Chamber,C3,8,
P_striata8,Chamber,C4,14,
P_striata8,Chamber,C5,4.5,
P_striata8,Chamber,C6,6,
P_striata8,Chamber,C7,7,
P_striata8,Chamber,C8,4.5,
P_striata8,Chamber,C9,10,
P_striata8,Chamber,C10,11,
P_striata8,Chamber,C11,4.5,
P_striata8,Chamber,C12,5,
P_striata9,Chamber,C1,8,
P_striata9,Chamber,C2,5,
P_striata9,Chamber,C3,5,
P_striata9,Chamber,C4,20,
P_striata9,Chamber,C5,15,
P_striata9,Chamber,C6,7,
P_striata9,Chamber,C7,7,
S_amabilis_AJ01,Chamber,C1,6,
S_amabilis_AJ01,Chamber,C2,9,
S_amabilis_TRS03,Chamber,C1,8,
S_bondari_AJ02,Chamber,C1,9.7,
S_bondari_AJ02,Chamber,C2,9.7,
S_bondari_AJ02,Chamber,C3,9.7,
S_bondari_AJ05,Chamber,C1,11,
S_bondari_AJ05,Chamber,C2,11,
S_mayri_AJ08,Chamber,C1,10.7,
S_mayri_AJ08,Chamber,C2,10.7,
S_mayri_AJ08,Chamber,C3,10.7,
S_mayri_AJ08,Chamber,C4,10.7,
S_mayri_AJ08,Chamber,C5,10.7,
S_mayri_AJ08,Chamber,C6,10.7,
S_mayri_AJ08,Chamber,C7,10.7,
S_mayri_AJ08,Chamber,C8,10.7,
S_mayri_AJ08,Chamber,C9,10.7,
S_mayri_AJ08,Chamber,C10,10.7,
S_mayri_AJ103,Chamber,C1,12.9,
S_mayri_AJ103,Chamber,C2,12.9,
S_mayri_AJ103,Chamber,C3,12.9,
S_mayri_AJ103,Chamber,C4,12.9,
S_mayri_AJ603,Chamber,C1,11,
S_mayri_AJ603,Chamber,C2,11,
S_mayri_AJ603,Chamber,C3,11,
S_mayri_AJ603,Chamber,C4,11,
S_mayri_JSC04,Chamber,C1,11.4,
S_mayri_JSC04,Chamber,C2,11.4,
S_mayri_JSC04,Chamber,C3,11.4,
S_mayri_JSC04,Chamber,C4,11.4,
S_mayri_JSC04,Chamber,C5,11.4,
S_mayri_JSC04,Chamber,C6,11.4,
S_mayri_JSC04,Chamber,C7,11.4,
S_mayri_JSC04,Chamber,C8,11.4,
S_mayri_JSC04,Chamber,C9,11.4,
S_mayri_JSC04,Chamber,C10,11.4,
S_mayri_JSC04,Chamber,C11,11.4,
S_mayri_JSC04,Chamber,C12,11.4,
S_mayri_JSC04,Chamber,C13,11.4,
S_mayri_JSC04,Chamber,C14,11.4,
S_mayri_JSC04,Chamber,C15,11.4,
S_mayri_JSC04,Chamber,C16,11.4,
S_mayri_JSC04,Chamber,C17,11.4,
S_mayri_JSC04,Chamber,C18,11.4,
S_mayri_JSC13,Chamber,C1,10.5,
S_mayri_JSC13,Chamber,C2,10.5,
S_mayri_JSC13,Chamber,C3,10.5,
S_mayri_JSC13,Chamber,C4,10.5,
S_mayri_JSC13,Chamber,C5,10.5,
S_opacus_TRS05,Chamber,C1,6,
S_opacus_TRS08,Chamber,C1,6,
S_parvulus_AJ03,Chamber,C1,7.7,
S_parvulus_AJ03,Chamber,C2,7.7,
S_parvulus_AJ03,Chamber,C3,7.7,
S_parvulus_AJ10,Chamber,C1,7.8,
S_parvulus_AJ10,Chamber,C2,7.8,
S_parvulus_AJ10,Chamber,C3,7.8,
S_parvulus_AJ10,Chamber,C4,7.8,
S_parvulus_AJ10,Chamber,C5,7.8,
S_parvulus_JMC01,Chamber,C1,8,
S_parvulus_JMC01,Chamber,C2,4,
S_saramama_AJ03,Chamber,C1,11,
S_saussurei_JCMC002,Chamber,C1,14.8,
S_saussurei_JCMC002,Chamber,C2,14.8,
S_saussurei_JCMC002,Chamber,C3,14.8,
S_saussurei_JCMC002,Chamber,C4,14.8,
S_saussurei_JCMC002,Chamber,C5,14.8,
M_holmgreni,Chamber,C1,5.445,
M_holmgreni,Chamber,C2,4.852,
M_holmgreni,Chamber,C3,10.595,
M_holmgreni,Chamber,C4,11.288,
M_holmgreni,Chamber,C5,7.725,
M_holmgreni,Chamber,C6,2.972,
T_septentrionalis1,Entrance,E1,0,
T_septentrionalis1,Chamber,C1,5.3,
T_septentrionalis1,Chamber,C2,6.4,
T_septentrionalis2,Entrance,E1,0,
T_septentrionalis2,Chamber,C1,7.1,
T_septentrionalis2,Chamber,C2,5.3,
T_septentrionalis2,Chamber,C3,3.7,
V_pergandei2,Chamber,C1,10.685,
V_pergandei2,Chamber,C2,8.784,
V_pergandei2,Chamber,C3,10.443,
V_pergandei2,Chamber,C4,8.835,
V_pergandei2,Chamber,C5,9.045,
V_pergandei2,Chamber,C6,6.083,
V_pergandei2,Chamber,C7,25.649,
V_pergandei2,Chamber,C8,21.711,
V_pergandei2,Chamber,C9,12.067,
V_pergandei2,Chamber,C10,11.936,
V_pergandei2,Chamber,C11,13.698,
V_pergandei2,Chamber,C12,14.069,
V_pergandei2,Chamber,C13,14.544,
V_pergandei2,Chamber,C14,26.102,
V_pergandei2,Chamber,C15,23.26,
V_pergandei2,Chamber,C16,4.657,
V_pergandei2,Chamber,C17,6.767,
V_pergandei2,Chamber,C18,5.648,
V_pergandei2,Chamber,C19,10.081,
V_pergandei2,Chamber,C20,3.944,
V_pergandei2,Chamber,C21,9.417,
V_pergandei2,Chamber,C22,9.224,
V_pergandei2,Chamber,C23,4.855,
V_pergandei2,Chamber,C24,5.291,
V_pergandei2,Chamber,C25,6.575,
A_ashmeadi9,Chamber,C1,11.3,
A_ashmeadi48new,Chamber,C1,7.36,
A_ashmeadi49,Chamber,C1,3.3,
A_ashmeadi41,Chamber,C1,7.26,
A_floridana6,Chamber,C1,3.65,
A_floridana15,Chamber,C1,2.33,
A_floridana35,Chamber,C1,2.25,
A_floridana22,Chamber,C1,3.19,
A_floridana23,Chamber,C1,4.71,
A_floridana54,Chamber,C1,2.05,
A_treatae41,Chamber,C1,1.96,
A_treatae42,Chamber,C1,4.22,
A_treatae43,Chamber,C1,3.94,
C_socius15,Chamber,C1,3.45,
C_socius16,Chamber,C1,5.68,
C_socius18,Chamber,C1,6.73,
D_indicum_fig1,Chamber,C1,6.78,
E_opaciventre2,Chamber,C1,4.5,
E_opaciventre3,Chamber,C1,9,
E_opaciventre4,Chamber,C1,3,
E_opaciventre5,Chamber,C1,5,
E_opaciventre6,Chamber,C1,5.5,
E_opaciventre7,Chamber,C1,7,
E_opaciventre8,Chamber,C1,6,
E_opaciventre9,Chamber,C1,7,
E_opaciventre11,Chamber,C1,10,
O_brunneus13,Chamber,C1,9.34,
O_brunneus14,Chamber,C1,8.4,
O_brunneus17,Chamber,C1,3.76,
P_adrianoi,Chamber,C1,1.39,
P_oxyops2,Chamber,C1,9.82,
P_oxyops3,Chamber,C1,12.39,
P_oxyops4,Chamber,C1,6.55,
P_oxyops5,Chamber,C1,12.77,
P_oxyops6,Chamber,C1,16.02,
P_oxyops7,Chamber,C1,10.55,
E_ruidum3,Chamber,C1,10.5,
E_ruidum6,Chamber,C1,8.3,
E_ruidum22,Chamber,C1,10.5,
A_balzani16,Chamber,C1,10.5,
A_balzani17,Chamber,C1,5,
A_balzani18,Chamber,C1,7,
A_balzani19,Chamber,C1,6,
A_balzani20,Chamber,C1,6,
A_balzani21,Chamber,C1,3,
A_balzani22,Chamber,C1,6,
A_balzani23,Chamber,C1,7,
H_venator1,Chamber,C1,14.54,
H_venator2,Chamber,C1,7.2,
29,Chamber,C1,2.1739557,
30,Chamber,C1,6.1601957,
50,Chamber,C1,2.7448408,
53,Chamber,C1,9.0767494,
55,Chamber,C1,11.8948277,
56,Chamber,C1,4.9088364,
57,Chamber,C1,3.562817,
58,Chamber,C1,,
59,Chamber,C1,9.0983194,
60,Chamber,C1,2.2019228,
61,Chamber,C1,3.2585773,
67,Chamber,C1,1.8856664,
68,Chamber,C1,3.8263244,
69,Chamber,C1,2.9048581,
70,Chamber,C1,6.6728229,
71,Chamber,C1,3.0105522,
72,Chamber,C1,1.9521052,
73,Chamber,C1,2.4246023,
75,Chamber,C1,5.2155554,
79,Chamber,C1,4.0705617,
83,Chamber,C1,4.246962,
92,Chamber,C1,3.5865906,
93,Chamber,C1,2.1952202,
110,Chamber,C1,4.0772174,
111,Chamber,C1,4.2084405,
112,Chamber,C1,4.654881,
113,Chamber,C1,3.9953293,
116,Chamber,C1,1.832651,
117,Chamber,C1,5.6298639,
118,Chamber,C1,9.83648,
119,Chamber,C1,5.2364365,
120,Chamber,C1,3.4279862,
121,Chamber,C1,3.1464517,
122,Chamber,C1,6.9189507,
123,Chamber,C1,1.8664,
125,Chamber,C1,6.3850582,
126,Chamber,C1,6.5348443,
128,Chamber,C1,8.1712798,
129,Chamber,C1,7.1201823,
130,Chamber,C1,8.7765674,
131,Chamber,C1,1.3493237,
132,Chamber,C1,6.4895894,
133,Chamber,C1,1.9647668,
