Species Name,Specimen Name,Link to image,Head width at eyes,Max head width (if different),Mandible Width,Link to image,Head length,Weber's length
Acromyrmex balzani,CASENT0173790,https://www.antweb.org/bigPicture.do?name=casent0173790&shot=h&number=1,1.97,2.13,1.34,https://www.antweb.org/bigPicture.do?name=casent0173790&shot=p&number=1,2.04,2.4
Acromyrmex balzani,ECOFOG-OI1-0188-04,https://www.antweb.org/bigPicture.do?name=ecofog-oi17-0188-04&shot=h&number=1,1.54,1.68,1.12,https://www.antweb.org/bigPicture.do?code=ecofog-oi17-0188-04&shot=p&number=1&project=allantwebants,1.33,1.81
Acromyrmex balzani,CASENT0905006,https://www.antweb.org/bigPicture.do?name=casent0905006&shot=h&number=1,2.27,2.52,1.45,https://www.antweb.org/bigPicture.do?code=casent0905006&shot=p&number=1&project=allantwebants,2.03,2.62
Acromyrmex landolti,CASENT0281785,https://www.antweb.org/bigPicture.do?name=casent0281785&shot=h&number=1,2.36,2.53,1.47,https://www.antweb.org/bigPicture.do?name=casent0905006&shot=h&number=1,,3.067
Acromyrmex landolti,CASENT0909435,https://www.antweb.org/bigPicture.do?name=casent0909435&shot=h&number=1,1.5,1.59,1.09,https://www.antweb.org/bigPicture.do?name=casent0281785&shot=p&number=1,,2.089
Acromyrmex landolti,CASENT0912480,https://www.antweb.org/bigPicture.do?name=casent0912480&shot=h&number=1,2.2,2.43,1.45,https://www.antweb.org/bigPicture.do?name=casent0909435&shot=p&number=1,,2.528
Acromyrmex landolti,CASENT0912481,https://www.antweb.org/bigPicture.do?name=casent0912481&shot=h&number=1,1.45,1.57,0.98,https://www.antweb.org/bigPicture.do?name=casent0912480&shot=p&number=1,,1.847
Acromyrmex landolti,CASENT0922025,https://www.antweb.org/bigPicture.do?name=casent0922025&shot=h&number=1,1.85,1.99,1.17,https://www.antweb.org/bigPicture.do?name=casent0912481&shot=p&number=1,,2.272
Acromyrmex landolti,USNMENT01124201,https://www.antweb.org/bigPicture.do?name=usnment01124201&shot=h&number=1,1.01,1.11,0.64,https://www.antweb.org/bigPicture.do?name=casent0922025&shot=p&number=1,,2.393
Aphaenogaster treatae,CASENT0900414,https://www.antweb.org/bigPicture.do?code=casent0900414&shot=h&number=1&project=allantwebants,1.06,,0.74,https://www.antweb.org/bigPicture.do?name=usnment01124201&shot=p&number=1,1.18,1.96
Aphaenogaster treatae,CASENT0103609,https://www.antweb.org/bigPicture.do?code=casent0103609&shot=h&number=1&project=allantwebants,1.02,,0.65,https://www.antweb.org/bigPicture.do?code=casent0103609&shot=p&number=1&project=allantwebants,1.09,1.8
Aphaenogaster treatae,CASENT105544,https://www.antweb.org/bigPicture.do?code=casent0105544&shot=h&number=1&project=allantwebants,1.21,,0.81,https://www.antweb.org/bigPicture.do?code=casent0105544&shot=p&number=1&project=allantwebants,1.44,2.15
Aphaenogaster treatae,CASENT907701,https://www.antweb.org/bigPicture.do?code=casent0907701&shot=h&number=1&project=allantwebants,1.03,,0.75,https://www.antweb.org/bigPicture.do?code=casent0907701&shot=p&number=1&project=allantwebants,1.22,2.54
Aphaenogaster treatae,CASENT0914485,https://www.antweb.org/bigPicture.do?code=casent0914485&shot=h&number=1&project=allantwebants,1.19,,0.83,https://www.antweb.org/bigPicture.do?code=casent0914485&shot=p&number=1&project=allantwebants,1.44,2.22
Aphaenogaster treatae,CASENT0923377,https://www.antweb.org/bigPicture.do?code=casent0923377&shot=h&number=1&project=allantwebants,0.98,,0.63,https://www.antweb.org/bigPicture.do?code=casent0923377&shot=p&number=1&project=allantwebants,1.23,1.76
Aphaenogaster floridana,CASENT0103583,https://www.antweb.org/bigPicture.do?code=casent0103583&shot=h&number=1&project=allantwebants,1.1,,0.73,https://www.antweb.org/bigPicture.do?code=casent0103583&shot=p&number=1&project=allantwebants,1.42,2.2
Aphaenogaster floridana,CASENT0103584,https://www.antweb.org/bigPicture.do?code=casent0103584&shot=h&number=1&project=allantwebants,1.54,,1.04,https://www.antweb.org/bigPicture.do?code=casent0103584&shot=p&number=1&project=allantwebants,1.71,2.88
Aphaenogaster ashmeadi,CASENT0103560,https://www.antweb.org/bigPicture.do?code=casent0103560&shot=h&number=1&project=allantwebants,1.06,,0.72,https://www.antweb.org/bigPicture.do?code=casent0103560&shot=p&number=1&project=allantwebants,1.49,2.14
Aphaenogaster ashmeadi,CASENT0103563,https://www.antweb.org/bigPicture.do?code=casent0103563&shot=h&number=1&project=allantwebants,1.12,,0.75,https://www.antweb.org/bigPicture.do?code=casent0103563&shot=p&number=1&project=allantwebants,1.54,2.23
Aphaenogaster ashmeadi,CASENT0281182,https://www.antweb.org/bigPicture.do?code=casent0281182&shot=h&number=1&project=allantwebants,1.04,,0.74,https://www.antweb.org/bigPicture.do?code=casent0281182&shot=p&number=1&project=allantwebants,1.38,2.05
Camponotus socius,CASENT0103711,https://www.antweb.org/bigPicture.do?code=casent0103711&shot=h&number=1&project=allantwebants,2.59,3.11,1.68,https://www.antweb.org/bigPicture.do?code=casent0103711&shot=p&number=1&project=allantwebants,2.99,4.32
Camponotus socius,CASENT0103712,https://www.antweb.org/bigPicture.do?code=casent0103712&shot=h&number=1&project=allantwebants,1.64,1.74,1.26,https://www.antweb.org/bigPicture.do?code=casent0103712&shot=p&number=1&project=allantwebants,2.32,4.58
Diacamma indicum,CASENT0260416,https://www.antweb.org/bigPicture.do?code=casent0260416&shot=h&number=1&project=allantwebants,1.85,,1.38,https://www.antweb.org/bigPicture.do?code=casent0260416&shot=p&number=1&project=allantwebants,2.22,4.28
Diacamma indicum,CASENT0907227,https://www.antweb.org/bigPicture.do?code=casent0907227&shot=h&number=1&project=allantwebants,1.65,,1.19,https://www.antweb.org/bigPicture.do?code=casent0907227&shot=p&number=1&project=allantwebants,2.02,3.59
Diacamma indicum,CASENT0907228,https://www.antweb.org/bigPicture.do?code=casent0907228&shot=h&number=1&project=allantwebants,1.64,,1.21,https://www.antweb.org/bigPicture.do?code=casent0907228&shot=p&number=1&project=allantwebants,2.01,3.83
Diacamma indicum,CASENT0907229,https://www.antweb.org/bigPicture.do?code=casent0907229&shot=h&number=1&project=allantwebants,1.44,,1.11,https://www.antweb.org/bigPicture.do?code=casent0907229&shot=p&number=1&project=allantwebants,2.17,3.96
Dorymyrmex bureni,CASENT0103863,https://www.antweb.org/bigPicture.do?code=casent0103863&shot=h&number=1&project=allantwebants,0.72,,0.51,https://www.antweb.org/bigPicture.do?code=casent0103863&shot=p&number=1&project=allantwebants,0.83,1.33
Dorymyrmex bureni,CASENT0249670,https://www.antweb.org/bigPicture.do?code=casent0249670&shot=h&number=1&project=allantwebants,0.59,0.7,0.42,https://www.antweb.org/bigPicture.do?code=casent0249670&shot=p&number=1&project=allantwebants,0.9,1.14
Dorymyrmex bureni,CASENT0281176,https://www.antweb.org/bigPicture.do?code=casent0281176&shot=h&number=1&project=allantwebants,0.73,0.85,0.48,https://www.antweb.org/bigPicture.do?code=casent0281176&shot=p&number=1&project=allantwebants,1.1,1.49
Dorymyrmex bureni,FMNHINS0000062862,https://www.antweb.org/bigPicture.do?code=fmnhins0000062862&shot=h&number=1&project=allantwebants,0.79,,0.55,https://www.antweb.org/bigPicture.do?code=fmnhins0000062862&shot=p&number=1&project=allantwebants,0.87,1.44
Dinoponera australis,ANTWEB1014003,https://www.antweb.org/bigPicture.do?code=antweb1014003&shot=h&number=1&project=allantwebants,4.4,4.83,3.85,https://www.antweb.org/bigPicture.do?code=antweb1014003&shot=p&number=1&project=allantwebants,5,7
Dinoponera australis,CASENT0173381,https://www.antweb.org/bigPicture.do?code=casent0173381&shot=h&number=1&project=allantwebants,4.52,,3.53,https://www.antweb.org/bigPicture.do?code=casent0173381&shot=p&number=1&project=allantwebants,5.15,9.77
Dinoponera australis,DZUP549812,https://www.antweb.org/bigPicture.do?code=dzup549812&shot=h&number=1&project=allantwebants,4.54,,3.84,https://www.antweb.org/bigPicture.do?code=dzup549812&shot=p&number=1&project=allantwebants,4.65,6.89
Dinoponera quadriceps,CASENT0217519,https://www.antweb.org/bigPicture.do?code=casent0217519&shot=h&number=1&project=allantwebants,5.56,,4.49,https://www.antweb.org/bigPicture.do?code=casent0217519&shot=p&number=1&project=allantwebants,5.5,7.81
Dinoponera quadriceps,DZUP549811,https://www.antweb.org/bigPicture.do?code=dzup549811&shot=h&number=1&project=allantwebants,5.14,,4.12,https://www.antweb.org/bigPicture.do?code=dzup549811&shot=p&number=1&project=allantwebants,5.26,7.77
Dinoponera quadriceps,FMNHIN0000050367,https://www.antweb.org/bigPicture.do?code=fmnhins0000050367&shot=h&number=1&project=allantwebants,4.78,5.31,5.43,https://www.antweb.org/bigPicture.do?code=fmnhins0000050367&shot=p&number=1&project=allantwebants,5.21,8.15
Ectatomma brunneum,ANTWEB1041399,https://www.antweb.org/bigPicture.do?code=antweb1041399&shot=h&number=1&project=allantwebants,2.19,,1.51,https://www.antweb.org/bigPicture.do?code=antweb1041399&shot=p&number=1&project=allantwebants,2.14,3.39
Ectatomma brunneum,CASENT0173375,https://www.antweb.org/bigPicture.do?code=casent0173375&shot=h&number=1&project=allantwebants,2.02,,1.39,https://www.antweb.org/bigPicture.do?code=casent0173375&shot=p&number=1&project=allantwebants,2.1,3.49
Ectatomma brunneum,CASENT0281500,https://www.antweb.org/bigPicture.do?code=casent0281500&shot=h&number=1&project=allantwebants,2.41,,1.73,https://www.antweb.org/bigPicture.do?code=casent0281500&shot=p&number=1&project=allantwebants,2.06,3.48
Ectatomma brunneum,CASENT0900515,https://www.antweb.org/bigPicture.do?code=casent0900515&shot=h&number=1&project=allantwebants,1.92,,1.4,https://www.antweb.org/bigPicture.do?code=casent0900515&shot=p&number=1&project=allantwebants,1.58,3.6
Ectatomma brunneum,CASENT0922398,https://www.antweb.org/bigPicture.do?code=casent0922398&shot=h&number=1&project=allantwebants,,,,https://www.antweb.org/bigPicture.do?code=casent0922398&shot=p&number=1&project=allantwebants,2.18,4.57
Ectatomma brunneum,CASENT0922399,https://www.antweb.org/bigPicture.do?code=casent0922399&shot=h&number=1&project=allantwebants,2.5,,1.87,https://www.antweb.org/bigPicture.do?code=casent0922399&shot=p&number=1&project=allantwebants,2.31,3.8
Ectatomma brunneum,ECOFOG-SAV18-0001-02,https://www.antweb.org/bigPicture.do?code=ecofog-sav18-0001-02&shot=h&number=1&project=allantwebants,2.52,,1.92,https://www.antweb.org/bigPicture.do?code=ecofog-sav18-0001-02&shot=p&number=1&project=allantwebants,2.45,3.98
Ectatomma brunneum,FMNHINS0000047530,https://www.antweb.org/bigPicture.do?code=fmnhins0000047530&shot=h&number=1&project=allantwebants,2.2,,1.66,https://www.antweb.org/bigPicture.do?code=fmnhins0000047530&shot=p&number=1&project=allantwebants,1.89,3.22
Ectatomma brunneum,USNMENT01124231,https://www.antweb.org/bigPicture.do?code=usnment01124231&shot=h&number=1&project=allantwebants,2.15,,1.54,https://www.antweb.org/bigPicture.do?code=usnment01124231&shot=p&number=1&project=allantwebants,2.03,3.25
Forelius sp.,,,,,,,,
Formica japonica,ANTWEB1008413,https://www.antweb.org/bigPicture.do?code=antweb1008413&shot=h&number=1&project=allantwebants,1.76,,1.15,https://www.antweb.org/bigPicture.do?code=antweb1008413&shot=p&number=1&project=allantwebants,1.63,3.45
Formica japonica,ANTWEB1008415,https://www.antweb.org/bigPicture.do?code=antweb1008415&shot=h&number=1&project=allantwebants,,,0.88,https://www.antweb.org/bigPicture.do?code=antweb1008415&shot=p&number=1&project=allantwebants,1.28,2.26
Formica japonica,CASENT0280389,https://www.antweb.org/bigPicture.do?code=casent0280389&shot=h&number=1&project=allantwebants,1.48,,1.05,https://www.antweb.org/bigPicture.do?code=casent0280389&shot=p&number=1&project=allantwebants,1.23,2.21
Formica japonica,CASENT0280390,https://www.antweb.org/bigPicture.do?code=casent0280390&shot=h&number=1&project=allantwebants,1.26,,0.93,https://www.antweb.org/bigPicture.do?code=casent0280390&shot=p&number=1&project=allantwebants,1.4,2.41
Veromessor pergandei,CASENT0005733,https://www.antweb.org/bigPicture.do?code=casent0005733&shot=h&number=1&project=allantwebants,1.89,,1.32,https://www.antweb.org/bigPicture.do?code=casent0005733&shot=p&number=1&project=allantwebants,1.76,2.41
Veromessor pergandei,CASENT0919791,https://www.antweb.org/bigPicture.do?code=casent0919791&shot=h&number=1&project=allantwebants,1.78,,1.26,https://www.antweb.org/bigPicture.do?code=casent0919791&shot=p&number=1&project=allantwebants,1.77,2.05
Veromessor pergandei,CASENT0922826,https://www.antweb.org/bigPicture.do?code=casent0922826&shot=h&number=1&project=allantwebants,4.82,,3.58,https://www.antweb.org/bigPicture.do?code=casent0922826&shot=p&number=1&project=allantwebants,1.65,2.31
Veromessor pergandei,CASENT0922827,https://www.antweb.org/bigPicture.do?code=casent0922827&shot=h&number=1&project=allantwebants,5.22,,,https://www.antweb.org/bigPicture.do?code=casent0922827&shot=p&number=1&project=allantwebants,1.87,2.38
Veromessor pergandei,CASENT093124,https://www.antweb.org/bigPicture.do?code=casent0923124&shot=h&number=1&project=allantwebants,1.77,,1.12,https://www.antweb.org/bigPicture.do?code=casent0923124&shot=p&number=1&project=allantwebants,1.61,2.12
Veromessor pergandei,USNMENT00531691,https://www.antweb.org/bigPicture.do?code=usnment00531691&shot=h&number=1&project=allantwebants,1.73,,1.18,https://www.antweb.org/bigPicture.do?code=usnment00531691&shot=p&number=1&project=allantwebants,1.79,2.45
Mycetagroicus inflatus,ANTWEB1008120,https://www.antweb.org/bigPicture.do?code=antweb1008120&shot=h&number=1&project=allantwebants,0.6,,0.34,https://www.antweb.org/bigPicture.do?code=antweb1008120&shot=p&number=1&project=allantwebants,0.51,1.12
Mycetarotes acutus,ECOFOG-TR17-0175-08,https://www.antweb.org/bigPicture.do?code=ecofog-tr17-0175-08&shot=h&number=1&project=allantwebants,0.95,,0.67,https://www.antweb.org/bigPicture.do?code=ecofog-tr17-0175-08&shot=p&number=1&project=allantwebants,1.03,1.35
Mycetarotes parallelus,CASEN0173983,https://www.antweb.org/bigPicture.do?code=casent0173983&shot=h&number=1&project=allantwebants,0.93,,0.66,https://www.antweb.org/bigPicture.do?code=casent0173983&shot=p&number=1&project=allantwebants,0.95,1.36
Mycetarotes parallelus,CASENT0904983,https://www.antweb.org/bigPicture.do?code=casent0904983&shot=h&number=1&project=allantwebants,,,0.53,https://www.antweb.org/bigPicture.do?code=casent0904983&shot=p&number=1&project=allantwebants,0.82,1.16
Mycetarotes parallelus,CASENT0909385,https://www.antweb.org/bigPicture.do?code=casent0909385&shot=h&number=1&project=allantwebants,0.84,,0.59,https://www.antweb.org/bigPicture.do?code=casent0909385&shot=p&number=1&project=allantwebants,0.84,1.2
Mycetarotes parallelus,CASENT0010817,https://www.antweb.org/bigPicture.do?code=casent0010817&shot=h&number=1&project=allantwebants,0.91,,0.64,https://www.antweb.org/bigPicture.do?code=casent0010817&shot=p&number=1&project=allantwebants,0.81,1.15
Mycetophylax simplex,USNMENT00445505,https://www.antweb.org/bigPicture.do?code=usnment00445505&shot=h&number=1&project=allantwebants,0.99,,0.67,https://www.antweb.org/bigPicture.do?code=usnment00445505&shot=p&number=1&project=allantwebants,0.97,1.26
Mycocepurus goeldii,CASENT0173988,https://www.antweb.org/bigPicture.do?code=casent0173988&shot=h&number=1&project=allantwebants,0.88,,0.53,https://www.antweb.org/bigPicture.do?code=casent0173988&shot=p&number=1&project=allantwebants,0.75,0.98
Mycocepurus goeldii,CASENT0904975,https://www.antweb.org/bigPicture.do?code=casent0904975&shot=h&number=1&project=allantwebants,,,,https://www.antweb.org/bigPicture.do?code=casent0904975&shot=p&number=1&project=allantwebants,0.73,0.95
Mycocepurus goeldii,CASENT0909358,https://www.antweb.org/bigPicture.do?code=casent0909358&shot=h&number=1&project=allantwebants,0.9,,0.59,https://www.antweb.org/bigPicture.do?code=casent0909358&shot=p&number=1&project=allantwebants,0.73,0.97
Mycocepurus goeldii,CASENT0912511,https://www.antweb.org/bigPicture.do?code=casent0912511&shot=h&number=1&project=allantwebants,0.89,,0.58,https://www.antweb.org/bigPicture.do?code=casent0912511&shot=p&number=1&project=allantwebants,0.82,1.13
Mycocepurus goeldii,CASENT0912512,https://www.antweb.org/bigPicture.do?code=casent0912512&shot=h&number=1&project=allantwebants,0.79,,,https://www.antweb.org/bigPicture.do?code=casent0912512&shot=p&number=1&project=allantwebants,0.68,0.88
Mycocepurus goeldii,CASENT0917842,https://www.antweb.org/bigPicture.do?code=casent0917842&shot=h&number=1&project=allantwebants,0.82,,,https://www.antweb.org/bigPicture.do?code=casent0917842&shot=p&number=1&project=allantwebants,0.71,0.91
Mycocepurus goeldii,CASENT0922152,https://www.antweb.org/bigPicture.do?code=casent0922152&shot=h&number=1&project=allantwebants,0.83,,0.55,https://www.antweb.org/bigPicture.do?code=casent0922152&shot=p&number=1&project=allantwebants,0.84,1.07
Mycocepurus goeldii,ECOFOG-OI17-0208-02,https://www.antweb.org/bigPicture.do?code=ecofog-oi17-0208-02&shot=h&number=1&project=allantwebants,0.82,,0.51,https://www.antweb.org/bigPicture.do?code=ecofog-oi17-0208-02&shot=p&number=1&project=allantwebants,,0.9
Mycocepurus smithii,CASENT0173989,https://www.antweb.org/bigPicture.do?code=casent0173989&shot=h&number=1&project=allantwebants,0.68,,0.45,https://www.antweb.org/bigPicture.do?code=casent0173989&shot=p&number=1&project=allantwebants,0.57,0.79
Mycocepurus smithii,CASENT0179467,https://www.antweb.org/bigPicture.do?code=casent0179467&shot=h&number=1&project=allantwebants,0.62,,0.42,https://www.antweb.org/bigPicture.do?code=casent0179467&shot=p&number=1&project=allantwebants,0.61,0.86
Mycocepurus smithii,CASENT0729773,https://www.antweb.org/bigPicture.do?code=casent0729773&shot=h&number=1&project=allantwebants,0.67,,,https://www.antweb.org/bigPicture.do?code=casent0729773&shot=p&number=1&project=allantwebants,0.74,0.91
Mycocepurus smithii,CASENT0909356,https://www.antweb.org/bigPicture.do?code=casent0909356&shot=h&number=1&project=allantwebants,0.68,,0.44,https://www.antweb.org/bigPicture.do?code=casent0909356&shot=p&number=1&project=allantwebants,0.59,0.8
Mycocepurus smithii,CASENT0909357,https://www.antweb.org/bigPicture.do?code=casent0909357&shot=h&number=1&project=allantwebants,0.7,,0.45,https://www.antweb.org/bigPicture.do?code=casent0909357&shot=p&number=1&project=allantwebants,0.62,0.88
Mycocepurus smithii,CASENT0922153,https://www.antweb.org/bigPicture.do?code=casent0922153&shot=h&number=1&project=allantwebants,0.66,,0.43,https://www.antweb.org/bigPicture.do?code=casent0922153&shot=p&number=1&project=allantwebants,0.66,0.87
Mycocepurus smithii,ECOFOG-IT14-0265-39,https://www.antweb.org/bigPicture.do?code=ecofog-it14-0265-39&shot=h&number=1&project=allantwebants,0.61,,0.41,https://www.antweb.org/bigPicture.do?code=ecofog-it14-0265-39&shot=p&number=1&project=allantwebants,0.53,0.79
Mycocepurus smithii,USNMENT01124242,https://www.antweb.org/bigPicture.do?code=usnment01124242&shot=h&number=1&project=allantwebants,0.65,,,https://www.antweb.org/bigPicture.do?code=usnment01124242&shot=p&number=1&project=allantwebants,0.58,0.83
Myrmecia dispar,JDM32-002441,https://www.antweb.org/bigPicture.do?code=jdm32-002441&shot=h&number=1&project=allantwebants,2.15,,1.45,https://www.antweb.org/bigPicture.do?code=jdm32-002441&shot=p&number=1&project=allantwebants,2.04,3.76
Myrmecocystus navajo,CASENT0005422,https://www.antweb.org/bigPicture.do?code=casent0005422&shot=h&number=1&project=allantwebants,1.07,,0.7,https://www.antweb.org/bigPicture.do?code=casent0005422&shot=p&number=1&project=allantwebants,1.25,1.81
Myrmecocystus navajo,CASENT0102816,https://www.antweb.org/bigPicture.do?code=casent0102816&shot=h&number=1&project=allantwebants,1.17,,0.75,https://www.antweb.org/bigPicture.do?code=casent0102816&shot=p&number=1&project=allantwebants,1.19,2.02
Myrmecocystus navajo,CASENT0102817,https://www.antweb.org/bigPicture.do?code=casent0102817&shot=h&number=1&project=allantwebants,0.89,,0.51,https://www.antweb.org/bigPicture.do?code=casent0102817&shot=p&number=1&project=allantwebants,0.87,1.55
Myrmecocystus navajo,CASENT0280532,https://www.antweb.org/bigPicture.do?code=casent0280532&shot=h&number=1&project=allantwebants,0.95,,0.59,https://www.antweb.org/bigPicture.do?code=casent0280532&shot=p&number=1&project=allantwebants,1.08,1.56
Myrmecocystus navajo,CASENT0280533,https://www.antweb.org/bigPicture.do?code=casent0280533&shot=h&number=1&project=allantwebants,0.85,,0.52,https://www.antweb.org/bigPicture.do?code=casent0280533&shot=p&number=1&project=allantwebants,0.94,1.48
Myrmecocystus navajo,CASENT0923356,https://www.antweb.org/bigPicture.do?code=casent0923356&shot=h&number=1&project=allantwebants,0.97,,0.64,https://www.antweb.org/bigPicture.do?code=casent0923356&shot=p&number=1&project=allantwebants,1.11,1.68
Odontomachus brunneus,ANTWEB1041404,https://www.antweb.org/bigPicture.do?code=antweb1041404&shot=h&number=1&project=allantwebants,1.91,,1.06,https://www.antweb.org/bigPicture.do?code=antweb1041404&shot=p&number=1&project=allantwebants,2.48,2.92
Odontomachus brunneus,ANTWEB1041422,https://www.antweb.org/bigPicture.do?code=antweb1041422&shot=h&number=1&project=allantwebants,1.63,,0.86,https://www.antweb.org/bigPicture.do?code=antweb1041422&shot=p&number=1&project=allantwebants,2.09,2.42
Odontomachus brunneus,CASENT0104165,https://www.antweb.org/bigPicture.do?code=casent0104165&shot=h&number=1&project=allantwebants,1.64,,,https://www.antweb.org/bigPicture.do?code=casent0104165&shot=p&number=1&project=allantwebants,2.14,2.83
Odontomachus brunneus,CASENT0270600,https://www.antweb.org/bigPicture.do?code=casent0270600&shot=h&number=1&project=allantwebants,1.83,,0.67,https://www.antweb.org/bigPicture.do?code=casent0270600&shot=p&number=1&project=allantwebants,2.37,2.83
Odontomachus brunneus,CASENT0270601,https://www.antweb.org/bigPicture.do?code=casent0270601&shot=h&number=1&project=allantwebants,,,,https://www.antweb.org/bigPicture.do?code=casent0270601&shot=p&number=1&project=allantwebants,2.02,2.32
Odontomachus brunneus,CASENT0649078,https://www.antweb.org/bigPicture.do?code=casent0649078&shot=h&number=1&project=allantwebants,,,,https://www.antweb.org/bigPicture.do?code=casent0649078&shot=p&number=1&project=allantwebants,2.47,2.69
Odontomachus brunneus,CASENT0649761,https://www.antweb.org/bigPicture.do?code=casent0649761&shot=h&number=1&project=allantwebants,1.54,,0.49,https://www.antweb.org/bigPicture.do?code=casent0649761&shot=p&number=1&project=allantwebants,1.98,2.47
Odontomachus brunneus,USNMENT0044567,https://www.antweb.org/bigPicture.do?code=usnment00445671&shot=h&number=1&project=allantwebants,,,,https://www.antweb.org/bigPicture.do?code=usnment00445671&shot=p&number=1&project=allantwebants,1.91,2.3
Odontomachus chelifer,ANTWEB1041409,https://www.antweb.org/bigPicture.do?code=antweb1041409&shot=h&number=1&project=allantwebants,,,,https://www.antweb.org/bigPicture.do?code=antweb1041409&shot=p&number=1&project=allantwebants,3.75,4.38
Odontomachus chelifer,CASENT0173536,https://www.antweb.org/bigPicture.do?code=casent0173536&shot=h&number=1&project=allantwebants,2.79,,0.98,https://www.antweb.org/bigPicture.do?code=casent0173536&shot=p&number=1&project=allantwebants,3.75,4.85
Odontomachus chelifer,CASENT0178692,https://www.antweb.org/bigPicture.do?code=casent0178692&shot=h&number=1&project=allantwebants,2.9,,0.97,https://www.antweb.org/bigPicture.do?code=casent0178692&shot=p&number=1&project=allantwebants,3.88,4.89
Odontomachus chelifer,CASENT0270602,https://www.antweb.org/bigPicture.do?code=casent0270602&shot=h&number=1&project=allantwebants,,,,https://www.antweb.org/bigPicture.do?code=casent0270602&shot=p&number=1&project=allantwebants,4.17,5.08
Odontomachus chelifer,CASENT0907426,https://www.antweb.org/bigPicture.do?code=casent0907426&shot=h&number=1&project=allantwebants,,,,https://www.antweb.org/bigPicture.do?code=casent0907426&shot=p&number=1&project=allantwebants,3.9,4.57
Odontomachus chelifer,CASENT0915242,https://www.antweb.org/bigPicture.do?code=casent0915242&shot=h&number=1&project=allantwebants,,,,https://www.antweb.org/bigPicture.do?code=casent0915242&shot=p&number=1&project=allantwebants,2.96,3.83
Pachycondyla striata,CASENT0178185,https://www.antweb.org/bigPicture.do?name=casent0178185&shot=h&number=1,2.92,,2.06,https://www.antweb.org/bigPicture.do?name=casent0178185&shot=p&number=1,2.81,4.97
Pachycondyla striata,CASENT0249158,https://www.antweb.org/bigPicture.do?name=casent0249158&shot=h&number=1,2.9,,1.96,https://www.antweb.org/bigPicture.do?name=casent0249158&shot=p&number=1,2.65,4.5
Pachycondyla striata,CASENT0901359,https://www.antweb.org/bigPicture.do?name=casent0901359&shot=h&number=1,2.66,,2.04,https://www.antweb.org/bigPicture.do?name=casent0901359&shot=p&number=1,2.41,4.51
Pachycondyla striata,CASENT0902514,https://www.antweb.org/bigPicture.do?name=casent0902514&shot=h&number=1,2.57,,1.9,https://www.antweb.org/bigPicture.do?name=casent0902514&shot=p&number=1,2.57,4.71
Pachycondyla striata,CASENT0915275,https://www.antweb.org/bigPicture.do?name=casent0915275&shot=h&number=1,2.54,,1.89,https://www.antweb.org/bigPicture.do?name=casent0915275&shot=p&number=1,2.36,4.06
Pachycondyla striata,CASENT0923096,https://www.antweb.org/bigPicture.do?name=casent0923096&shot=h&number=1,2.71,2.75,1.99,https://www.antweb.org/bigPicture.do?name=casent0923096&shot=p&number=1,2.85,4.3
Pachycondyla striata,UFV-LABECOL-000291,https://www.antweb.org/bigPicture.do?name=ufv-labecol-000291&shot=h&number=1,2.78,,,https://www.antweb.org/bigPicture.do?name=ufv-labecol-000291&shot=p&number=1,2.84,4.79
Pheidole morrisii,CASENT0104416,https://www.antweb.org/bigPicture.do?name=casent0104416&shot=h&number=1,0.61,,0.38,https://www.antweb.org/bigPicture.do?name=casent0104416&shot=p&number=1,0.59,0.88
Pheidole morrisii,CASENT0908229,https://www.antweb.org/bigPicture.do?name=casent0908229&shot=h&number=1,0.69,,0.46,https://www.antweb.org/bigPicture.do?name=casent0908229&shot=p&number=1,0.72,1.03
Pheidole morrisii,CASENT0908231,https://www.antweb.org/bigPicture.do?name=casent0908231&shot=h&number=1,0.8,,0.51,https://www.antweb.org/bigPicture.do?name=casent0908231&shot=p&number=1,0.84,1.17
Pheidole morrisii,CASENT0917780,https://www.antweb.org/bigPicture.do?name=casent0917780&shot=h&number=2,,,0.88,https://www.antweb.org/bigPicture.do?name=casent0917780&shot=p&number=1,1.22,1.23
Pheidole morrisii,CASENT0104415,https://www.antweb.org/bigPicture.do?name=casent0104415&shot=h&number=1,1.18,,0.76,https://www.antweb.org/bigPicture.do?name=casent0104415&shot=p&number=1,1.2,1.21
Pheidole morrisii,CASENT0908230,https://www.antweb.org/bigPicture.do?name=casent0908230&shot=h&number=1,1.35,,0.9,https://www.antweb.org/bigPicture.do?name=casent0908230&shot=p&number=1,1.47,1.25
Pheidole morrisii,FOCOL0245-1,https://www.antweb.org/bigPicture.do?name=focol0245-1&shot=h&number=1,1.21,,0.82,https://www.antweb.org/bigPicture.do?name=focol0245-1&shot=p&number=1,1.19,1.12
Pheidole morrisii,FOCOL0245-2,https://www.antweb.org/bigPicture.do?name=focol0245-2&shot=h&number=1,1.24,,0.78,https://www.antweb.org/bigPicture.do?name=focol0245-2&shot=p&number=1,1.25,1.2
Pogonomyrmex badius,CASENT0103056,https://www.antweb.org/bigPicture.do?name=casent0103056&shot=h&number=1,1.7,,1.11,https://www.antweb.org/bigPicture.do?name=casent0103056&shot=p&number=1,1.8,2.24
Pogonomyrmex badius,CASENT0103057,https://www.antweb.org/bigPicture.do?name=casent0103057&shot=h&number=1,3.29,,2.31,https://www.antweb.org/bigPicture.do?name=casent0103057&shot=p&number=1,2.97,2.95
Pogonomyrmex badius,CASENT0281110,https://www.antweb.org/bigPicture.do?name=casent0281110&shot=h&number=1,3.39,,2.48,https://www.antweb.org/bigPicture.do?name=casent0281110&shot=p&number=1,2.96,3.2
Pogonomyrmex badius,CASENT0900375,https://www.antweb.org/bigPicture.do?name=casent0900375&shot=h&number=1,1.49,,1.09,https://www.antweb.org/bigPicture.do?name=casent0900375&shot=p&number=1,1.19,1.77
Pogonomyrmex badius,CASENT0104423,https://www.antweb.org/bigPicture.do?name=casent0104423&shot=h&number=1,1.69,,1.17,https://www.antweb.org/bigPicture.do?name=casent0104423&shot=p&number=1,1.58,1.96
Pogonomyrmex badius,CASENT0104424,https://www.antweb.org/bigPicture.do?name=casent0104424&shot=h&number=1,3.18,3.22,2.25,https://www.antweb.org/bigPicture.do?name=casent0104424&shot=p&number=1,2.94,3.07
Prenolepis imparis,CASENT0005429,https://www.antweb.org/bigPicture.do?name=casent0005429&shot=h&number=1,0.71,,0.56,https://www.antweb.org/bigPicture.do?name=casent0005429&shot=p&number=1,0.77,0.97
Prenolepis imparis,CASENT0102823,https://www.antweb.org/bigPicture.do?name=casent0102823&shot=h&number=1,,,,https://www.antweb.org/bigPicture.do?name=casent0102823&shot=p&number=1,0.84,1.14
Prenolepis imparis,CASENT0103873,https://www.antweb.org/bigPicture.do?name=casent0103873&shot=h&number=1,,,,https://www.antweb.org/bigPicture.do?name=casent0103873&shot=p&number=1,0.94,1.25
Prenolepis imparis,CASENT0106035,https://www.antweb.org/bigPicture.do?name=casent0106035&shot=h&number=1,0.86,,0.68,https://www.antweb.org/bigPicture.do?name=casent0106035&shot=p&number=1,0.87,1.15
Prenolepis imparis,CASENT0179611,https://www.antweb.org/bigPicture.do?name=casent0179611&shot=h&number=1,0.87,,0.61,https://www.antweb.org/bigPicture.do?name=casent0179611&shot=p&number=1,0.91,1.21
Prenolepis imparis,CASENT0179615,https://www.antweb.org/bigPicture.do?name=casent0179615&shot=h&number=1,0.73,,0.54,https://www.antweb.org/bigPicture.do?name=casent0179615&shot=p&number=1,0.85,1.07
Prenolepis imparis,CASENT0281459,https://www.antweb.org/bigPicture.do?name=casent0281459&shot=h&number=1,0.97,,0.65,https://www.antweb.org/bigPicture.do?name=casent0281459&shot=p&number=1,0.94,1.29
Prenolepis imparis,CASENT0844116,https://www.antweb.org/bigPicture.do?name=casent0844116&shot=h&number=1,0.84,,0.59,https://www.antweb.org/bigPicture.do?name=casent0844116&shot=p&number=1,0.85,1.04
Sericomyrmex amabilis,CASENT0039728,https://www.antweb.org/bigPicture.do?name=casent0039728&shot=h&number=1,0.95,0.99,0.6,https://www.antweb.org/bigPicture.do?name=casent0039728&shot=p&number=1,0.95,1.32
Sericomyrmex amabilis,CASENT0912515,https://www.antweb.org/bigPicture.do?name=casent0912515&shot=h&number=1,1.08,1.2,0.68,https://www.antweb.org/bigPicture.do?name=casent0912515&shot=p&number=1,1.11,1.43
Sericomyrmex amabilis,CASENT0922156,https://www.antweb.org/bigPicture.do?name=casent0922156&shot=h&number=1,1.16,1.2,0.71,https://www.antweb.org/bigPicture.do?name=casent0922156&shot=p&number=1,1.14,1.54
Sericomyrmex amabilis,USNMENT00308236,https://www.antweb.org/bigPicture.do?name=usnment00308236&shot=h&number=1,1.16,,0.69,https://www.antweb.org/bigPicture.do?name=usnment00308236&shot=p&number=1,0.93,1.47
Sericomyrmex amabilis,USNMENT01125194,https://www.antweb.org/bigPicture.do?name=usnment01125194&shot=h&number=1,1.15,1.22,0.75,https://www.antweb.org/bigPicture.do?name=usnment01125194&shot=p&number=1,0.91,1.41
Sericomyrmex amabilis,USNMENT01125862,https://www.antweb.org/bigPicture.do?name=usnment01125862&shot=h&number=1,,1.14,0.66,https://www.antweb.org/bigPicture.do?name=usnment01125862&shot=p&number=1,n/a,1.44
Sericomyrmex bondari,ECOFOG-IT14-0295-82,https://www.antweb.org/bigPicture.do?name=ecofog-it14-0295-82&shot=h&number=1,,1.35,0.78,https://www.antweb.org/bigPicture.do?name=ecofog-it14-0295-82&shot=p&number=1,1.07,1.72
Sericomyrmex bondari,ECOFOG-SL13-1201-13,https://www.antweb.org/bigPicture.do?name=ecofog-sl13-1201-13&shot=h&number=1,,1.23,,https://www.antweb.org/bigPicture.do?name=ecofog-sl13-1201-13&shot=p&number=1,0.92,1.46
Sericomyrmex bondari,USNMENT01125813,https://www.antweb.org/bigPicture.do?name=usnment01125813&shot=h&number=1,,1.14,0.65,https://www.antweb.org/bigPicture.do?name=usnment01125813&shot=p&number=1,n/a,1.59
Sericomyrmex bondari,USNMENT01125823,https://www.antweb.org/bigPicture.do?name=usnment01125823&shot=h&number=1,1.08,1.14,0.64,https://www.antweb.org/bigPicture.do?name=usnment01125823&shot=p&number=1,0.96,1.53
Sericomyrmex mayri,CASENT0904989,https://www.antweb.org/bigPicture.do?name=casent0904989&shot=h&number=1,1.31,,0.82,https://www.antweb.org/bigPicture.do?name=casent0904989&shot=p&number=1,1.07,1.79
Sericomyrmex mayri,CASENT0909370,https://www.antweb.org/bigPicture.do?name=casent0909370&shot=h&number=1,,1.53,0.85,https://www.antweb.org/bigPicture.do?name=casent0909370&shot=p&number=1,1.36,2.01
Sericomyrmex mayri,CASENT0909372,https://www.antweb.org/bigPicture.do?name=casent0909372&shot=h&number=1,1.42,1.5,0.87,https://www.antweb.org/bigPicture.do?name=casent0909372&shot=p&number=1,1.19,1.72
Sericomyrmex mayri,CASENT0912516,https://www.antweb.org/bigPicture.do?name=casent0912516&shot=h&number=1,,1.31,0.76,https://www.antweb.org/bigPicture.do?name=casent0912516&shot=p&number=1,1.15,1.68
Sericomyrmex mayri,CASENT0912517,https://www.antweb.org/bigPicture.do?name=casent0912517&shot=h&number=1,1.42,1.49,0.98,https://www.antweb.org/bigPicture.do?name=casent0912517&shot=p&number=1,1.21,1.92
Sericomyrmex mayri,ECOFOG-MI15-0171-06,https://www.antweb.org/bigPicture.do?name=ecofog-mi15-0171-06&shot=h&number=1,1.04,1.08,0.68,https://www.antweb.org/bigPicture.do?name=ecofog-mi15-0171-06&shot=p&number=1,0.84,1.33
Sericomyrmex mayri,USNMENT01125171,https://www.antweb.org/bigPicture.do?name=usnment01125171&shot=h&number=1,1.39,1.49,0.88,https://www.antweb.org/bigPicture.do?name=usnment01125171&shot=p&number=1,1.22,1.82
Sericomyrmex mayri,USNMENT01124309,https://www.antweb.org/bigPicture.do?name=usnment01124309&shot=h&number=1,1.31,1.42,0.76,https://www.antweb.org/bigPicture.do?name=usnment01124309&shot=p&number=1,0.95,1.78
Sericomyrmex opacus,CASENT0904987,https://www.antweb.org/bigPicture.do?name=casent0904987&shot=h&number=1,,1.05,0.58,https://www.antweb.org/bigPicture.do?name=casent0904987&shot=p&number=1,0.84,1.41
Sericomyrmex opacus,CASENT0904988,https://www.antweb.org/bigPicture.do?name=casent0904988&shot=h&number=1,1.02,1.08,0.65,https://www.antweb.org/bigPicture.do?name=casent0904988&shot=p&number=1,0.86,1.17
Sericomyrmex opacus,CASENT0909368,https://www.antweb.org/bigPicture.do?name=casent0909368&shot=h&number=1,0.97,1.06,0.63,https://www.antweb.org/bigPicture.do?name=casent0909368&shot=p&number=1,0.96,1.34
Sericomyrmex opacus,CASENT0909369,https://www.antweb.org/bigPicture.do?name=casent0909369&shot=h&number=1,0.98,1.03,0.62,https://www.antweb.org/bigPicture.do?name=casent0909369&shot=p&number=1,0.87,1.32
Sericomyrmex opacus,CASENT0915955,https://www.antweb.org/bigPicture.do?name=casent0915955&shot=h&number=1,0.9,0.97,0.58,https://www.antweb.org/bigPicture.do?name=casent0915955&shot=p&number=1,0.87,1.28
Sericomyrmex opacus,FOCOL2194,https://www.antweb.org/bigPicture.do?name=focol2194&shot=h&number=1,0.96,1.05,0.61,https://www.antweb.org/bigPicture.do?name=focol2194&shot=p&number=1,0.9,1.29
Sericomyrmex opacus,USNMENT01125118,https://www.antweb.org/bigPicture.do?name=usnment01125118&shot=h&number=1,0.85,0.9,0.59,https://www.antweb.org/bigPicture.do?name=usnment01125118&shot=p&number=1,0.77,1.18
Sericomyrmex opacus,USNMENT01125124,https://www.antweb.org/bigPicture.do?name=usnment01125124&shot=h&number=1,,0.93,0.57,https://www.antweb.org/bigPicture.do?name=usnment01125124&shot=p&number=1,0.79,1.19
Sericomyrmex parvulus,CASENT0104987,https://www.antweb.org/bigPicture.do?name=casent0104987&shot=h&number=1,0.9,0.93,0.57,https://www.antweb.org/bigPicture.do?name=casent0104987&shot=p&number=1,0.73,1.26
Sericomyrmex parvulus,ECOFOG-SL13-1123-04,https://www.antweb.org/bigPicture.do?name=ecofog-sl13-1123-04&shot=h&number=1,,1.23,0.76,https://www.antweb.org/bigPicture.do?name=ecofog-sl13-1123-04&shot=p&number=1,0.92,1.49
Sericomyrmex parvulus,UFV-LABECOL-000372,https://www.antweb.org/bigPicture.do?name=ufv-labecol-000372&shot=h&number=1,0.92,0.98,0.65,https://www.antweb.org/bigPicture.do?name=ufv-labecol-000372&shot=p&number=1,0.73,1.18
Sericomyrmex parvulus,USNMENT00446157,https://www.antweb.org/bigPicture.do?name=usnment00446157&shot=h&number=1,,0.72,0.44,https://www.antweb.org/bigPicture.do?name=usnment00446157&shot=p&number=1,0.59,0.9
Sericomyrmex parvulus,USNMENT01125593,https://www.antweb.org/bigPicture.do?name=usnment01125593&shot=h&number=1,,0.85,0.56,https://www.antweb.org/bigPicture.do?name=usnment01125593&shot=p&number=1,0.62,1.08
Sericomyrmex parvulus,USNMENT01124296,https://www.antweb.org/bigPicture.do?name=usnment01124296&shot=h&number=1,0.69,,0.49,https://www.antweb.org/bigPicture.do?name=usnment01124296&shot=p&number=1,0.69,0.92
Sericomyrmex saramama,USNMENT00924064,https://www.antweb.org/bigPicture.do?name=usnment00924064&shot=h&number=1,0.94,0.97,0.61,https://www.antweb.org/bigPicture.do?name=usnment00924064&shot=p&number=1,0.81,1.3
Sericomyrmex saussurei,CASENT0006163,https://www.antweb.org/bigPicture.do?name=casent0006163&shot=h&number=1,,,,https://www.antweb.org/bigPicture.do?name=casent0006163&shot=p&number=1,0.81,1.38
Sericomyrmex saussurei,ECOFOG-TR13-0059-07,https://www.antweb.org/bigPicture.do?name=ecofog-tr13-0059-07&shot=h&number=1,0.93,,0.64,https://www.antweb.org/bigPicture.do?name=ecofog-tr13-0059-07&shot=p&number=1,0.81,1.22
Sericomyrmex saussurei,UFV-LABECOL-000272,https://www.antweb.org/bigPicture.do?name=ufv-labecol-000272&shot=h&number=1,1.12,1.2,0.71,https://www.antweb.org/bigPicture.do?name=ufv-labecol-000272&shot=p&number=1,1.01,1.78
Sericomyrmex saussurei,USNMENT00445513,https://www.antweb.org/bigPicture.do?name=usnment00445513&shot=h&number=1,0.88,1.11,,https://www.antweb.org/bigPicture.do?name=usnment00445513&shot=p&number=1,0.91,1.39
Sericomyrmex saussurei,USNMENT01125217,https://www.antweb.org/bigPicture.do?name=usnment01125217&shot=h&number=1,1.04,1.12,0.73,https://www.antweb.org/bigPicture.do?name=usnment01125217&shot=p&number=1,0.91,1.51
Sericomyrmex saussurei,USNMENT01125221,https://www.antweb.org/bigPicture.do?name=usnment01125221&shot=h&number=1,1.09,1.18,0.7,https://www.antweb.org/bigPicture.do?name=usnment01125221&shot=p&number=1,0.94,1.62
Sericomyrmex saussurei,USNMENT01124297,https://www.antweb.org/bigPicture.do?name=usnment01124297&shot=h&number=1,1.07,1.13,0.68,https://www.antweb.org/bigPicture.do?name=usnment01124297&shot=p&number=1,0.9,1.46
Trachymyrmex holmgreni,no images,,,,,,,
Trachymyrmex septentrionalis,CASENT0003337,https://www.antweb.org/bigPicture.do?name=casent0003337&shot=h&number=1,1.07,,0.69,https://www.antweb.org/bigPicture.do?name=casent0003337&shot=p&number=1,0.98,1.38
Trachymyrmex septentrionalis,CASENT0919975,https://www.antweb.org/bigPicture.do?name=casent0919975&shot=h&number=1,1.06,,0.65,https://www.antweb.org/bigPicture.do?name=casent0919975&shot=p&number=1,0.87,1.51
Pheidole dentata,CASENT0104240,https://www.antweb.org/bigPicture.do?name=casent0104240&shot=h&number=1,0.69,0.69,0.28,https://www.antweb.org/bigPicture.do?name=casent0104240&shot=p&number=1,0.69,0.97
Pheidole dentata,CASENT0901549,https://www.antweb.org/bigPicture.do?name=casent0901549&shot=h&number=1,0.62,,0.41,https://www.antweb.org/bigPicture.do?name=casent0901549&shot=p&number=1,0.65,0.97
Pheidole dentata,FMNHINS0000078503,https://www.antweb.org/bigPicture.do?name=fmnhins0000078503&shot=h&number=1,0.69,,0.41,https://www.antweb.org/bigPicture.do?name=fmnhins0000078503&shot=p&number=1,0.59,0.89
Pheidole dentata,FOCOL1552,https://www.antweb.org/bigPicture.do?name=focol1552&shot=h&number=1,0.68,,0.39,https://www.antweb.org/bigPicture.do?name=focol1552&shot=p&number=1,0.71,0.93
Pheidole dentata,CASENT0103882,https://www.antweb.org/bigPicture.do?name=casent0103882&shot=h&number=1,1.35,,0.81,https://www.antweb.org/bigPicture.do?name=casent0103882&shot=p&number=1,1.26,1.18
Pheidole dentata,CASENT0901475,https://www.antweb.org/bigPicture.do?name=casent0901475&shot=h&number=1,1.18,,0.79,https://www.antweb.org/bigPicture.do?name=casent0901475&shot=p&number=1,1.21,1.06
Pheidole dentata,CASENT0901550,https://www.antweb.org/bigPicture.do?name=casent0901550&shot=h&number=1,1.2,,0.76,https://www.antweb.org/bigPicture.do?name=casent0901550&shot=p&number=1,1.17,1.13
Pheidole oxyops,CASENT0178044,https://www.antweb.org/bigPicture.do?name=casent0178044&shot=h&number=1,0.77,,0.56,https://www.antweb.org/bigPicture.do?name=casent0178044&shot=p&number=1,0.87,1.45
Pheidole oxyops,CASENT0908194,https://www.antweb.org/bigPicture.do?name=casent0908194&shot=h&number=1,0.67,,0.47,https://www.antweb.org/bigPicture.do?name=casent0908194&shot=p&number=1,0.94,1.39
Pheidole oxyops,CASENT0908197,https://www.antweb.org/bigPicture.do?name=casent0908197&shot=h&number=1,0.88,,0.61,https://www.antweb.org/bigPicture.do?name=casent0908197&shot=p&number=1,0.96,1.58
Pheidole oxyops,CASENT0178043,https://www.antweb.org/bigPicture.do?name=casent0178043&shot=h&number=1,1.89,1.94,1.26,https://www.antweb.org/bigPicture.do?name=casent0178043&shot=p&number=1,2.02,1.64
Pheidole oxyops,CASENT0908193,https://www.antweb.org/bigPicture.do?name=casent0908193&shot=h&number=1,1.51,,1.02,https://www.antweb.org/bigPicture.do?name=casent0908193&shot=p&number=1,1.93,1.74
Pheidole oxyops,CASENT0908196,https://www.antweb.org/bigPicture.do?name=casent0908196&shot=h&number=1,1.56,,0.99,https://www.antweb.org/bigPicture.do?name=casent0908196&shot=p&number=1,1.71,1.61
Formica subaenescens,CASENT0005364,https://www.antweb.org/bigPicture.do?name=casent0005364&shot=h&number=1,1.23,,0.78,https://www.antweb.org/bigPicture.do?name=casent0005364&shot=p&number=1,1.3,2.08
Formica subaenescens,CASENT0102795,https://www.antweb.org/bigPicture.do?name=casent0102795&shot=h&number=1,1.32,,0.78,https://www.antweb.org/bigPicture.do?name=casent0102795&shot=p&number=1,1.44,2.23
Formica subaenescens,CASENT0105552,https://www.antweb.org/bigPicture.do?name=casent0105552&shot=h&number=1,1.64,,1.03,https://www.antweb.org/bigPicture.do?name=casent0105552&shot=p&number=1,1.17,2.06
Formica subaenescens,CASENT0172878,https://www.antweb.org/bigPicture.do?name=casent0172878&shot=h&number=1,1.31,,0.82,https://www.antweb.org/bigPicture.do?name=casent0172878&shot=p&number=1,1.27,2.08
Formica subaenescens,CASENT0198944,https://www.antweb.org/bigPicture.do?name=casent0198944&shot=h&number=1,1.34,,0.88,https://www.antweb.org/bigPicture.do?name=casent0198944&shot=p&number=1,1.25,1.9
Formica subaenescens,CASENT0280364,https://www.antweb.org/bigPicture.do?name=casent0280364&shot=h&number=1,1.24,,0.85,https://www.antweb.org/bigPicture.do?name=casent0280364&shot=p&number=1,1.35,2.15
Formica subaenescens,CASENT0172880,https://www.antweb.org/bigPicture.do?name=casent0172880&shot=h&number=1,1.14,,0.8,https://www.antweb.org/bigPicture.do?name=casent0172880&shot=p&number=1,1.7,1.8
Formica archboldi,CASENT0103921,https://www.antweb.org/bigPicture.do?name=casent0103921&shot=h&number=1,1.39,,0.91,https://www.antweb.org/bigPicture.do?name=casent0103921&shot=p&number=1,1.43,2.73
Formica archboldi,CASENT0104886,https://www.antweb.org/bigPicture.do?name=casent0104886&shot=h&number=1,1.23,,0.8,https://www.antweb.org/bigPicture.do?name=casent0104886&shot=p&number=1,1.51,2.39
Formica archboldi,CASENT0105592,https://www.antweb.org/bigPicture.do?name=casent0105592&shot=h&number=1,1.35,,0.93,https://www.antweb.org/bigPicture.do?name=casent0105592&shot=p&number=1,1.71,2.56
Formica dolosa,CASENT0103933,https://www.antweb.org/bigPicture.do?name=casent0103933&shot=h&number=1,1.36,,0.9,https://www.antweb.org/bigPicture.do?name=casent0103933&shot=p&number=1,1.65,2.92
Formica dolosa,CASENT0179861,https://www.antweb.org/bigPicture.do?name=casent0179861&shot=h&number=1,1.3,,0.88,https://www.antweb.org/bigPicture.do?name=casent0179861&shot=p&number=1,1.52,2.63
Formica dolosa,CASENT0911066,https://www.antweb.org/bigPicture.do?name=casent0911066&shot=h&number=1,1.68,,1.21,https://www.antweb.org/bigPicture.do?name=casent0911066&shot=p&number=1,1.69,3.15
Formica pallidefulva,CASENT0103931,https://www.antweb.org/bigPicture.do?name=casent0103931&shot=h&number=1,1.09,,0.83,https://www.antweb.org/bigPicture.do?name=casent0103931&shot=p&number=1,1.52,2.41
Formica pallidefulva,CASENT0103932,https://www.antweb.org/bigPicture.do?name=casent0103932&shot=h&number=1,1.06,,0.72,https://www.antweb.org/bigPicture.do?name=casent0103932&shot=p&number=1,1.25,2.16
Formica pallidefulva,CASENT0280345,https://www.antweb.org/bigPicture.do?name=casent0280345&shot=h&number=1,1.28,,0.9,https://www.antweb.org/bigPicture.do?name=casent0280345&shot=p&number=1,1.3,2.48
Formica pallidefulva,CASENT0905707,https://www.antweb.org/bigPicture.do?name=casent0905707&shot=h&number=1,,,,https://www.antweb.org/bigPicture.do?name=casent0905707&shot=p&number=1,1.57,2.34
Formica pallidefulva,CASENT0905709,https://www.antweb.org/bigPicture.do?name=casent0905709&shot=h&number=1,1.02,,0.72,https://www.antweb.org/bigPicture.do?name=casent0905709&shot=p&number=1,1.7,2.81
Formica pallidefulva,CASENT0915638,https://www.antweb.org/bigPicture.do?name=casent0915638&shot=h&number=1,1.24,,0.8,https://www.antweb.org/bigPicture.do?name=casent0915638&shot=p&number=1,1.43,2.39
Monomorium viridum,CASENT0104112,https://www.antweb.org/bigPicture.do?name=casent0104112&shot=h&number=1,0.42,,,https://www.antweb.org/bigPicture.do?name=casent0104112&shot=p&number=1,0.5,0.54
Atta bisphaerica,CASENT0281782,https://www.antweb.org/bigPicture.do?name=casent0281782&shot=h&number=1,4.7,5.9,3.5,https://www.antweb.org/bigPicture.do?name=casent0281782&shot=p&number=1,4.8,5.6
Atta bisphaerica,CASENT0909446,https://www.antweb.org/bigPicture.do?name=casent0909446&shot=h&number=1,1.4,,0.9,https://www.antweb.org/bigPicture.do?name=casent0909446&shot=p&number=1,1.2,1.6
Atta bisphaerica,CASENT0909445,https://www.antweb.org/bigPicture.do?name=casent0909445&shot=h&number=1,4.2,5.3,2.6,https://www.antweb.org/bigPicture.do?name=casent0909445&shot=p&number=1,4.4,5.1
Atta laevigata,CASENT0173811,https://www.antweb.org/bigPicture.do?name=casent0173811&shot=h&number=1,3.8,4.8,2.1,https://www.antweb.org/bigPicture.do?name=casent0173811&shot=p&number=1,4.2,5.2
Atta laevigata,CASENT0173812,https://www.antweb.org/bigPicture.do?name=casent0173812&shot=h&number=1,2.1,,1.2,https://www.antweb.org/bigPicture.do?name=casent0173812&shot=p&number=1,1.9,2.5
Atta laevigata,CASENT0173813,https://www.antweb.org/bigPicture.do?name=casent0173813&shot=h&number=1,1.7,,1.1,https://www.antweb.org/bigPicture.do?name=casent0173813&shot=p&number=1,1.5,2.1
Atta laevigata,CASENT0900488,https://www.antweb.org/bigPicture.do?name=casent0900488&shot=h&number=1,2.6,2.7,1.6,https://www.antweb.org/bigPicture.do?name=casent0900488&shot=p&number=1,2.3,3.2
Atta laevigata,CASENT0909448,https://www.antweb.org/bigPicture.do?name=casent0909448&shot=h&number=1,1.8,,1.2,https://www.antweb.org/bigPicture.do?name=casent0909448&shot=p&number=1,,2.2
Atta laevigata,CASENT0922055,https://www.antweb.org/bigPicture.do?name=casent0922055&shot=h&number=1,4.7,6.2,3.1,https://www.antweb.org/bigPicture.do?name=casent0922055&shot=p&number=1,4.3,5.5
Atta laevigata,CASENT0922056,https://www.antweb.org/bigPicture.do?name=casent0922056&shot=h&number=1,2,,1.2,https://www.antweb.org/bigPicture.do?name=casent0922056&shot=p&number=1,1.7,2.5
Atta laevigata,CASENT0909447,https://www.antweb.org/bigPicture.do?name=casent0909447&shot=h&number=1,4.1,4.7,2.4,https://www.antweb.org/bigPicture.do?name=casent0909447&shot=p&number=1,,
Ectatomma opaciventre,CASENT0106081,https://www.antweb.org/bigPicture.do?name=casent0106081&shot=h&number=1,2.7,,2,https://www.antweb.org/bigPicture.do?name=casent0106081&shot=p&number=1,2.5,0.47
Ectatomma opaciventre,CASENT0173377,https://www.antweb.org/bigPicture.do?name=casent0173377&shot=h&number=1,2.6,,1.9,https://www.antweb.org/bigPicture.do?name=casent0173377&shot=h&number=1,2.7,4.9
Ectatomma opaciventre,CASENT0281506,https://www.antweb.org/bigPicture.do?name=casent0281506&shot=h&number=1,2.4,,1.8,https://www.antweb.org/bigPicture.do?name=casent0281506&shot=p&number=1,2.6,4.7
Ectatomma opaciventre,CASENT0915107,https://www.antweb.org/bigPicture.do?name=casent0915107&shot=h&number=1,2.5,,1.8,https://www.antweb.org/bigPicture.do?name=casent0915107&shot=p&number=1,2.4,4.4
Ectatomma opaciventre,CASENT0915908,https://www.antweb.org/bigPicture.do?name=casent0915908&shot=h&number=1,2.6,,2,https://www.antweb.org/bigPicture.do?name=casent0915908&shot=p&number=1,2.7,5
Ectatomma edentatum,CASENT0173376,https://www.antweb.org/bigPicture.do?name=casent0173376&shot=h&number=1,1.5,,1.2,https://www.antweb.org/bigPicture.do?name=casent0173376&shot=p&number=1,1.8,2.7
Ectatomma edentatum,CASENT0281501,https://www.antweb.org/bigPicture.do?name=casent0281501&shot=h&number=1,1.7,,1.4,https://www.antweb.org/bigPicture.do?name=casent0281501&shot=p&number=1,1.7,3.1
Ectatomma edentatum,CASENT0907177,https://www.antweb.org/bigPicture.do?name=casent0907177&shot=h&number=1,1.5,,1.1,https://www.antweb.org/bigPicture.do?name=casent0907177&shot=p&number=1,1.8,2.9
Ectatomma edentatum,CASENT0915106,https://www.antweb.org/bigPicture.do?name=casent0915106&shot=h&number=1,1.5,,1.1,https://www.antweb.org/bigPicture.do?name=casent0915106&shot=p&number=1,1.8,2.7
Ectatomma edentatum,CASENT0907179,https://www.antweb.org/bigPicture.do?name=casent0907179&shot=h&number=1,1.4,,1.1,https://www.antweb.org/bigPicture.do?name=casent0907179&shot=p&number=1,1.9,3.1
Ectatomma edentatum,CASENT0907180,https://www.antweb.org/bigPicture.do?name=casent0907180&shot=h&number=1,1.7,,1.3,https://www.antweb.org/bigPicture.do?name=casent0907180&shot=p&number=1,1.8,2.8
Ectatomma edentatum,USNMENT00441003,https://www.antweb.org/bigPicture.do?name=usnment00441003&shot=h&number=1,1.6,,1.3,https://www.antweb.org/bigPicture.do?name=casent0915106&shot=p&number=1,1.9,3.1
Harpegnathos venator,CASENT0098078,https://www.antweb.org/bigPicture.do?name=casent0098078&shot=h&number=1,2.2,,1.5,https://www.antweb.org/bigPicture.do?name=casent0098078&shot=p&number=1,2.7,5
Harpegnathos venator,CASENT0260425,https://www.antweb.org/bigPicture.do?name=casent0260425&shot=h&number=1,2.5,,1.9,https://www.antweb.org/bigPicture.do?name=casent0260425&shot=p&number=1,3,5.5
Harpegnathos venator,CASENT0900661,https://www.antweb.org/bigPicture.do?name=casent0900661&shot=h&number=1,1.8,,1.4,https://www.antweb.org/bigPicture.do?name=casent0900661&shot=p&number=1,,4.1
Ectatomma ruidum,ANTWEB1041401,https://www.antweb.org/bigPicture.do?name=antweb1041401&shot=h&number=1,1.5,,1.2,https://www.antweb.org/bigPicture.do?name=antweb1041401&shot=p&number=1,1.6,2.7
Ectatomma ruidum,CASENT0178705,https://www.antweb.org/bigPicture.do?name=casent0178705&shot=h&number=1,1.8,,1.2,https://www.antweb.org/bigPicture.do?name=casent0178705&shot=p&number=1,1.9,3.1
Ectatomma ruidum,CASENT0900513,https://www.antweb.org/bigPicture.do?name=casent0900513&shot=h&number=1,1.4,,1,https://www.antweb.org/bigPicture.do?name=casent0900513&shot=p&number=1,1.4,2.4
Ectatomma ruidum,CASENT0903841,https://www.antweb.org/bigPicture.do?name=casent0903841&shot=h&number=1,2,,1.4,https://www.antweb.org/bigPicture.do?name=casent0903841&shot=p&number=1,2,
Ectatomma ruidum,FOCOL0875,https://www.antweb.org/bigPicture.do?name=focol0875&shot=h&number=1,1.8,,1.4,https://www.antweb.org/bigPicture.do?name=focol0875&shot=p&number=1,1.6,2.6
Ectatomma ruidum,FOCOL0876,https://www.antweb.org/bigPicture.do?name=focol0876&shot=h&number=1,1.8,,1.3,https://www.antweb.org/bigPicture.do?name=focol0876&shot=p&number=1,1.9,3.2
Ectatomma ruidum,FMNHINS0000045631,https://www.antweb.org/bigPicture.do?name=fmnhins0000045631&shot=h&number=1,1.8,,1.3,https://www.antweb.org/bigPicture.do?name=fmnhins0000045631&shot=p&number=1,1.8,3
Ectatomma ruidum,USNMENT01124232,https://www.antweb.org/bigPicture.do?name=usnment01124232&shot=h&number=1,1.7,,1.2,https://www.antweb.org/bigPicture.do?name=usnment01124232&shot=p&number=1,1.7,2.7
Mycetomoellerius holmgreni,CASENT0178106,https://www.antweb.org/bigPicture.do?name=casent0178106&shot=h&number=1,0.1,,0.7,https://www.antweb.org/bigPicture.do?name=casent0178106&shot=p&number=1,1,1.7
Pheidole adrianoi,CASENT0104274,https://www.antweb.org/bigPicture.do?name=casent0104274&shot=h&number=1,0.4,,,https://www.antweb.org/bigPicture.do?name=casent0104274&shot=p&number=1,0.5,0.52
Pheidole adrianoi,CASENT0104273,https://www.antweb.org/bigPicture.do?name=casent0104273&shot=h&number=1,0.9,,0.66,https://www.antweb.org/bigPicture.do?name=casent0104273&shot=p&number=1,0.87,0.71
Dorymyrmex elegans,CASENT0003314,https://www.antweb.org/bigPicture.do?name=casent0003314&shot=h&number=1,0.7,,0.5,https://www.antweb.org/bigPicture.do?name=casent0003314&shot=p&number=1,0.84,1.32
Dorymyrmex elegans,CASENT0103876,https://www.antweb.org/bigPicture.do?name=casent0103876&shot=h&number=1,0.66,,0.48,https://www.antweb.org/bigPicture.do?name=casent0103876&shot=p&number=1,0.87,1.41
Dorymyrmex elegans,CASENT0249671,https://www.antweb.org/bigPicture.do?name=casent0249671&shot=h&number=1,0.65,,0.5,https://www.antweb.org/bigPicture.do?name=casent0249671&shot=p&number=1,0.8,1.37
Acromyrmex rugosus,CASENT0173802,https://www.antweb.org/bigPicture.do?name=casent0173802&shot=h&number=1,1.68,,1.04,https://www.antweb.org/bigPicture.do?name=casent0173802&shot=p&number=1,1.28,2.11
Acromyrmex rugosus,CASENT0900494,https://www.antweb.org/bigPicture.do?name=casent0900494&shot=h&number=1,0.74,0.79,0.52,https://www.antweb.org/bigPicture.do?name=casent0900494&shot=p&number=1,,1.18
Acromyrmex rugosus,CASENT0912470,https://www.antweb.org/bigPicture.do?name=casent0912470&shot=h&number=1,1.16,,0.7,https://www.antweb.org/bigPicture.do?name=casent0912470&shot=p&number=1,1.05,1.46
Acromyrmex rugosus,CASENT0912471,https://www.antweb.org/bigPicture.do?name=casent0912471&shot=h&number=1,1.5,,0.88,https://www.antweb.org/bigPicture.do?name=casent0912471&shot=p&number=1,1.34,2.01
Acromyrmex rugosus,CASENT0922029,https://www.antweb.org/bigPicture.do?name=casent0922029&shot=h&number=1,2.28,,1.51,https://www.antweb.org/bigPicture.do?name=casent0922029&shot=p&number=1,2.04,3.18
